0,1
0.1365695,0.007394211
0.21475925,0.01261922
0.21051845,0.0066580265
0.09571171,0.007196281
0.0982865,0.006008455
0.09553682,0.0051048337
0.37348425,0.012534222
0.094523035,0.0065958113
0.17601587,0.0226116
0.31314933,0.011120428
0.37992993,0.007980645
0.11152504,0.008631875
0.41331312,0.019358456
0.048079066,0.006860038
0.106056236,0.00863223
0.6030673,0.0127939945
0.4313938,0.0071090525
0.5504467,0.010968998
0.3451087,0.0057256217
0.77755237,0.03565056
0.06152845,0.0057052798
0.01472714,0.010019066
0.19057272,0.009003871
0.07580982,0.0134129245
0.012729221,0.014637429
0.09850023,0.009553307
0.09688724,0.004834298
0.13958608,0.02194855
0.030777855,0.0076495036
0.42673516,0.0072541814
0.021415396,0.009404084
0.064799756,0.01442347
0.21089034,0.006533357
0.3073111,0.007026911
0.35853252,0.0074489336
0.06914951,0.007999966
0.09656264,0.0056623723
0.42286277,0.012849853
0.17282765,0.0065868846
0.3599473,0.007558776
0.48057535,0.015455055
0.15188536,0.0050762836
0.22544509,0.005300625
0.052862026,0.0051516574
0.109784506,0.006459562
0.4189186,0.00947853
0.023941163,0.018084481
0.36558506,0.029679751
0.3377041,0.0069659026
0.06499408,0.008239573
0.27128762,0.012576241
0.7178692,0.0219833
0.02633794,0.022195164
0.52296805,0.015456491
0.024447074,0.02776627
0.60890526,0.017186886
0.20719516,0.009700535
0.25668705,0.0073652472
0.36624026,0.011980104
0.14702965,0.005387324
0.84810114,0.051213015
0.124046445,0.005479529
0.17198515,0.008791392
0.27919838,0.024491495
0.046140943,0.005236397
0.23915885,0.034009792
0.08104702,0.013933064
0.16735627,0.008219428
0.53640205,0.012669243
0.17291878,0.009179627
0.6087278,0.04979305
0.7031546,0.04833378
0.11993705,0.0076964297
0.29434243,0.00863636
0.60943425,0.014441533
0.034552813,0.023412159
0.74528205,0.025052782
0.27972773,0.009523205
0.83026016,0.042923864
0.08487611,0.0050622146
0.82497627,0.038033016
0.67825776,0.018309
0.12311205,0.005705096
0.057412133,0.008022575
0.16449274,0.009554155
0.036318585,0.022919433
0.61034703,0.019384021
0.3317668,0.007820331
0.07014631,0.005615607
0.52323145,0.0090108765
0.015582953,0.010785387
0.5464222,0.0073578847
0.15413566,0.014342711
0.384173,0.009005862
0.04111516,0.023602068
0.5809659,0.009217022
0.13130194,0.007507113
0.017021071,0.0135637
0.0390501,0.005311152
0.051240325,0.0043142987
0.14008993,0.005450988
0.3164019,0.004743687
0.75075895,0.049050033
0.5302565,0.024732195
0.123292305,0.01097246
0.8054484,0.03595752
0.1277916,0.024450315
0.016777338,0.01673213
0.15950394,0.0060375244
0.51943,0.010579868
0.01351381,0.011817329
0.4750406,0.007334451
0.16695094,0.03321869
0.43489572,0.00670953
0.34724703,0.0068724654
0.3894615,0.011011831
0.48334214,0.012454398
0.54188555,0.014117575
0.021198116,0.02189707
0.62298787,0.016138066
0.06802044,0.006943009
0.19776323,0.004564818
0.6122303,0.010385829
0.03971566,0.025905246
0.54030204,0.012798289
0.39052135,0.006432325
0.045378644,0.0461156
0.6079315,0.012260963
0.6644049,0.017030241
0.030988999,0.0084521305
0.3685679,0.008393623
0.5681064,0.009041864
0.14914684,0.004400984
0.02317867,0.007279561
0.7015583,0.023520593
0.13017312,0.012264481
0.29390544,0.011560345
0.5116249,0.007309058
0.21116643,0.00665291
0.031085711,0.007290499
0.06915824,0.009462722
0.031818215,0.010618573
0.19134988,0.0058970028
0.034438815,0.009284907
0.18599577,0.0045876643
0.039706312,0.009369313
0.021139292,0.02555237
0.18743634,0.0065218722
0.08575708,0.0058827805
0.011845421,0.01387818
0.023200091,0.007943599
0.3596597,0.008506218
0.6957512,0.023322692
0.036698952,0.011895099
0.24183266,0.013467805
0.39401996,0.009345162
0.8089878,0.027146623
0.7069153,0.014818506
0.49827635,0.009540925
0.016156867,0.012222827
0.44320095,0.009659053
0.7839157,0.0224225
0.24845135,0.0069733383
0.27701563,0.008592412
0.056911077,0.008786215
0.115051866,0.012446775
0.4005675,0.008039121
0.057835966,0.0058069844
0.2984581,0.008874735
0.52305394,0.010298682
0.012709047,0.015091754
0.013406428,0.011224137
0.77207917,0.03561362
0.021198116,0.02189707
0.3322501,0.004647505
0.53287107,0.021453742
0.057237107,0.0054076156
0.12832227,0.008477769
0.07861006,0.021025399
0.2640158,0.009395879
0.031380255,0.017623302
0.0683818,0.009107244
0.5978384,0.023614956
0.12194973,0.007826331
0.21405362,0.005557852
0.4130077,0.018858645
0.18526733,0.0057851565
0.07674042,0.0055073304
0.3621735,0.03406367
0.037830483,0.005865967
0.29286978,0.005066186
0.76076865,0.098836556
0.030528441,0.030668592
0.7029939,0.06355983
0.13578188,0.0050131353
0.029803026,0.016824346
0.07519789,0.0054450147
0.08581447,0.007879875
0.015808476,0.010066952
0.029625075,0.008746198
0.6941695,0.029446147
0.3767956,0.0061652977
0.36810684,0.011614569
0.42629734,0.018739147
0.013453369,0.011139905
0.5363421,0.013037267
0.038462948,0.011518547
0.016457975,0.0092629315
0.032082874,0.028658776
0.35148004,0.02556665
0.29969758,0.0062592397
0.057063524,0.008115492
0.10171085,0.005255465
0.048469726,0.00781823
0.743601,0.05696249
0.06409434,0.006229293
0.47804514,0.009115432
0.6684918,0.009725058
0.46167484,0.15453677
0.35948548,0.01033296
0.30150443,0.109755985
0.37627444,0.011246278
0.1845938,0.00893768
0.70883983,0.019361679
0.053706825,0.007436256
0.012913663,0.009784154
0.5765081,0.011658932
0.01627395,0.008156789
0.22333033,0.0051380997
0.09405742,0.00889819
0.4752698,0.0067327814
0.09856365,0.007889214
0.05915711,0.008427553
0.017819371,0.011995546
0.022307277,0.007588225
0.737333,0.04400218
0.46276572,0.018890006
0.25595558,0.0063618314
0.080481954,0.006559919
0.78952193,0.026177246
0.2282125,0.0049941884
0.44266257,0.007389103
0.36766046,0.011179907
0.68018353,0.023162417
0.05982135,0.010774948
0.60140175,0.01924651
0.017925367,0.035350222
0.62425184,0.0121905375
0.14738306,0.007545345
0.55277294,0.009112599
0.08158106,0.007552994
0.34741476,0.007411074
0.0620522,0.008644533
0.6261546,0.012343428
0.19421308,0.021797495
0.69142914,0.021156836
0.08306703,0.021235317
0.03055013,0.051860537
0.77078325,0.024645798
0.3125881,0.019384956
0.1592454,0.0059371674
0.19972576,0.0071106744
0.024121422,0.009375591
0.029069586,0.006490575
0.21843792,0.004730351
0.14276415,0.004692886
0.24148536,0.006679322
0.044544924,0.023108993
0.19490133,0.0055299886
0.197178,0.008702474
0.1851087,0.014869144
0.19000256,0.007033998
0.44583544,0.029376268
0.78081197,0.04287206
0.026723858,0.01063882
0.40842515,0.008061381
0.43188378,0.006153106
0.50646734,0.008817449
0.7506789,0.055779774
0.077588595,0.0083753355
0.025411457,0.013946986
0.33117118,0.037958924
0.061119605,0.0076330374
0.3261899,0.005709276
0.024455775,0.012732013
0.06696744,0.0049306853
0.21753107,0.0057839444
0.21966672,0.006243818
0.119519025,0.006826023
0.14134967,0.007052811
0.33274215,0.0069903047
0.12766409,0.003678467
0.8124629,0.05771945
0.035672817,0.012285531
0.11528357,0.006719039
0.28071147,0.005125659
0.2921705,0.0064549553
0.7740112,0.045368627
0.2212002,0.0068655955
0.050853435,0.011315919
0.0121074105,0.012253632
0.64255756,0.013760066
0.73316985,0.03338177
0.062786475,0.0065567316
0.013345212,0.012324811
0.13377748,0.0072338153
0.0534989,0.011809431
0.013642648,0.010303938
0.01875058,0.013289198
0.08578546,0.011127568
0.16488902,0.005082235
0.11577193,0.004795299
0.7865504,0.021393366
0.089880675,0.0073673874
0.364033,0.0073969825
0.11341939,0.018676715
0.033189546,0.0072572585
0.016386915,0.0087806275
0.014567772,0.009985381
0.23678985,0.012025376
0.05503675,0.015489941
0.55756295,0.015854629
0.14155342,0.010232286
0.08944629,0.01688837
0.652397,0.02472704
0.17925696,0.03853178
0.5117387,0.012341563
0.03637864,0.011997393
0.06842118,0.034021262
0.18756464,0.011254458
0.6129237,0.012446318
0.2744041,0.048458543
0.13756436,0.009444436
0.47020796,0.0077345753
0.18958887,0.0058539053
0.40028608,0.011469679
0.055382628,0.00628843
0.3961631,0.016348224
0.66109765,0.016133683
0.024141936,0.01551902
0.16662587,0.006012019
0.03611282,0.007798119
0.68399405,0.028948784
0.18093847,0.011281711
0.02992927,0.011080146
0.5248013,0.008834348
0.03111885,0.011806287
0.61686635,0.0153347105
0.73735434,0.029052338
0.1285602,0.004851806
0.6953655,0.023286305
0.46262485,0.009237188
0.26660806,0.009493377
0.4336969,0.009028578
0.030066479,0.0077190963
0.14363073,0.012848269
0.29021418,0.009818084
0.080993034,0.004688876
0.21445279,0.0061052917
0.26762363,0.01873069
0.04120379,0.010334087
0.35772,0.006808112
0.23076972,0.009074641
0.13186707,0.0058809877
0.7404562,0.020826101
0.6087798,0.13766691
0.7102648,0.022651099
0.028096916,0.008943921
0.023233527,0.0075495667
0.07667356,0.0066864
0.33044514,0.005168766
0.20656708,0.005092778
0.21191514,0.005886837
0.04004054,0.010646451
0.10063681,0.008452954
0.4855547,0.008389113
0.059319265,0.00513115
0.019034995,0.024391849
0.019817168,0.008762875
0.38406795,0.008274207
0.09166108,0.013894929
0.12166341,0.005702378
0.09826085,0.004437174
0.16678415,0.004222046
0.057992674,0.025565665
0.015456461,0.009625976
0.024235131,0.0070638987
0.019557837,0.008457203
0.3202239,0.0071418965
0.5634949,0.012803881
0.6973549,0.01788187
0.097542115,0.005065215
0.44686887,0.0069584125
0.6086745,0.02751007
0.039142195,0.015119817
0.35484827,0.0072585987
0.0134378215,0.010486365
0.017929515,0.008144307
0.060997725,0.0060375617
0.5558249,0.012554676
0.025825284,0.01936306
0.15371208,0.004219449
0.059688944,0.0056745284
0.38219002,0.005947423
0.3037908,0.009330075
0.16368118,0.009005514
0.74656785,0.024394006
0.07779015,0.0043517477
0.7803321,0.035829447
0.015436809,0.010105993
0.021007828,0.0067807925
0.12626109,0.0057130265
0.398898,0.0072261216
0.022525704,0.023614231
0.76174176,0.027352497
0.18008462,0.013671719
0.6717489,0.018861903
0.070459515,0.007403021
0.04010797,0.012169202
0.0854447,0.00693515
0.016522095,0.009241274
0.04231155,0.008580823
0.31849992,0.005541189
0.017770259,0.008875675
0.42686746,0.0065692137
0.79388005,0.022359565
0.026517289,0.009990345
0.36654192,0.011674305
0.012044436,0.012113097
0.012389566,0.011293211
0.096571706,0.0056245257
0.014692854,0.0077524297
0.4355364,0.012614699
0.56560844,0.01720335
0.02711387,0.0075585535
0.1783353,0.004639674
0.049045604,0.011581915
0.4389949,0.01024484
0.27946985,0.007057236
0.338262,0.008267777
0.67735106,0.058482774
0.56247747,0.008794067
0.25324887,0.007420793
0.12460194,0.009440025
0.027346045,0.02299946
0.06322013,0.005789472
0.5760746,0.010621444
0.7624594,0.047739536
0.16320404,0.0051547475
0.12507467,0.004154105
0.43885615,0.0077558267
0.2557358,0.0049493453
0.4264046,0.008434258
0.08348849,0.017690029
0.026946792,0.014571962
0.023473,0.007579128
0.017422156,0.007911138
0.023,0.007835438
0.0150767565,0.010217263
0.29603636,0.009131805
0.1343294,0.005350207
0.083049074,0.0063871834
0.5856769,0.015722994
0.74643016,0.026986528
0.03144696,0.019260596
0.08082841,0.004931731
0.72367954,0.018398702
0.073731005,0.0049585686
0.1611899,0.0053776386
0.37608907,0.016092286
0.07300298,0.005915464
0.517802,0.007305167
0.24837129,0.010972175
0.2430579,0.0062531154
0.55198866,0.009456948
0.13228472,0.009501084
0.21330167,0.0060265143
0.012860019,0.0112267565
0.5339966,0.0074806586
0.5137861,0.0070819855
0.5561651,0.009170992
0.024948686,0.008212047
0.69511884,0.030438319
0.14752507,0.009381616
0.729218,0.10299769
0.5566482,0.013113746
0.10050513,0.0047336747
0.048689347,0.0080131
0.061034754,0.0069580176
0.45705026,0.012174964
0.58356076,0.009626549
0.53032196,0.0075146914
0.7713108,0.028291255
0.09485094,0.0047666347
0.4008289,0.0055298205
0.06449149,0.008288772
0.71253014,0.013024505
0.32974243,0.008847355
0.425636,0.006239044
0.15126471,0.009096825
0.15871581,0.0058688065
0.10767832,0.026141103
0.28776965,0.008821518
0.4270889,0.007605499
0.80855036,0.02547821
0.33168215,0.025047531
0.5022538,0.0076178894
0.7251295,0.038088925
0.21625169,0.0054130373
0.051384464,0.008775968
0.1678618,0.004480623
0.06251017,0.010800491
0.46774003,0.0070914105
0.43038058,0.0072965655
0.10951613,0.009690056
0.052126624,0.009030485
0.54677993,0.00896919
0.14084907,0.008975643
0.06514594,0.01179829
0.09725666,0.003906094
0.4121006,0.009666136
0.0476378,0.014381734
0.17058617,0.005535015
0.019649051,0.01553609
0.7106057,0.031269107
0.6183595,0.012346172
0.15524027,0.004981998
0.012641027,0.013647525
0.23401378,0.0059318733
0.25513485,0.0059572044
0.8458124,0.05669621
0.06802604,0.010966877
0.14140065,0.003920506
0.039340656,0.010322364
0.025248716,0.009796893
0.16628997,0.0053576697
0.55771506,0.010425833
0.10672993,0.0060343146
0.26132968,0.0061232285
0.046747625,0.0063519822
0.3999934,0.007203316
0.10368752,0.0051786415
0.19715692,0.00628725
0.026337946,0.022195164
0.108321525,0.0038826098
0.11817862,0.0051714927
0.63449544,0.015749006
0.11425565,0.0063006794
0.102486014,0.0044760313
0.17761463,0.0065250895
0.10861661,0.0059586307
0.6106442,0.014023965
0.17222925,0.00597823
0.020907389,0.011975731
0.013537993,0.010662033
0.09048693,0.0053676497
0.047513053,0.009816933
0.014151323,0.011366396
0.0136462925,0.012566675
0.3993447,0.0070983707
0.5642501,0.0121901585
0.45595416,0.011020029
0.69123906,0.03454656
0.7544256,0.0381888
0.69916373,0.07648213
0.02036139,0.0077544437
0.044360507,0.0070917965
0.011794749,0.013049507
0.07293606,0.0066562137
0.045573592,0.015341553
0.58075374,0.015020666
0.036892626,0.0064616557
0.030921513,0.0071474137
0.61704886,0.011188207
0.36314452,0.006931656
0.21278194,0.0044319974
0.14432313,0.007587708
0.5575515,0.006580825
0.06342079,0.011742022
0.77151185,0.017731074
0.03556454,0.010972921
0.41547418,0.0064975005
0.19362848,0.009464978
0.43825513,0.017386073
0.77169096,0.022865377
0.32343104,0.009650646
0.3351247,0.008193336
0.7029331,0.034175754
0.4856145,0.008303196
0.8070267,0.035730578
0.08623412,0.0048191086
0.04383824,0.02057366
0.5721846,0.01256496
0.6693255,0.012544873
0.13315362,0.009191492
0.17016035,0.0068449997
0.025808405,0.016282836
0.17530169,0.004561476
0.33269972,0.007814176
0.16426216,0.008179868
0.014509681,0.009492601
0.07696599,0.005814527
0.022561938,0.017598338
0.079956286,0.00615166
0.40540904,0.006276742
0.4603134,0.009864339
0.14721486,0.0050652437
0.20829095,0.015336656
0.04156113,0.0042785276
0.61133605,0.009102658
0.7069583,0.021443654
0.056406707,0.013615853
0.33836815,0.009598621
0.039826155,0.009153218
0.54640937,0.010152776
0.7285668,0.02280713
0.32139537,0.0058153924
0.0153164705,0.009531466
0.12636408,0.0053673545
0.03426427,0.017712614
0.33009434,0.008149991
0.11415609,0.005359047
0.013350418,0.011934349
0.6580981,0.011834732
0.01791659,0.007619757
0.024214387,0.016279034
0.018248305,0.01035881
0.6478912,0.008904703
0.05282828,0.0043426645
0.01275825,0.0115954
0.033040766,0.008533617
0.02528847,0.010832021
0.11528106,0.014541988
0.098694876,0.0071852384
0.065579146,0.0048086094
0.035496764,0.007937559
0.039771628,0.00820249
0.11664614,0.0051727346
0.24489838,0.008612326
0.031153709,0.019590154
0.5417544,0.01876668
0.15138647,0.007940307
0.31877264,0.005513173
0.022807736,0.011155043
0.2844225,0.004334423
0.084237196,0.019381398
0.7928843,0.059278168
0.09667793,0.004984386
0.02133074,0.007223511
0.67046803,0.021449288
0.2870325,0.0057774712
0.076506205,0.004023403
0.05846174,0.0058492534
0.016158747,0.010150443
0.025656244,0.006158115
0.068620004,0.006826615
0.37489802,0.0048071854
0.4980096,0.010297326
0.08950608,0.009411336
0.051664725,0.011889361
0.02075948,0.0069839093
0.21971242,0.0042643794
0.42657495,0.0066009625
0.450821,0.012429297
0.30305624,0.008554415
0.5749694,0.009790448
0.021678772,0.006970159
0.20211609,0.0055667064
0.5877237,0.011337926
0.017042227,0.012860007
0.035369173,0.013703166
0.2246974,0.005713219
0.019621423,0.018164426
0.013728769,0.010102267
0.74370676,0.025388839
0.07006148,0.008844621
0.5175438,0.01757978
0.4590566,0.011938049
0.34799922,0.0056493664
0.038293235,0.007409569
0.10397471,0.0045401794
0.044951804,0.0058889803
0.022870919,0.009173314
0.064976744,0.008532495
0.258559,0.0047507384
0.71756846,0.015159762
0.016953794,0.007344745
0.015591299,0.011092871
0.015222852,0.013831338
0.35576087,0.0057473057
0.021197394,0.016791211
0.7282854,0.028101787
0.035613757,0.010039617
0.015782584,0.008776196
0.52764785,0.0088028675
0.04246112,0.007498314
0.13927911,0.004739002
0.031600207,0.017284287
0.016136225,0.011751289
0.08277183,0.005411512
0.5765668,0.011820565
0.014679,0.0107950615
0.17148243,0.007995162
0.5544681,0.013440825
0.025013475,0.016529122
0.54891413,0.009095676
0.11406229,0.0068490724
0.7185459,0.035213843
0.68515575,0.017429708
0.6691874,0.01912041
0.06419871,0.045470174
0.060950838,0.004652128
0.016507726,0.015615346
0.32336724,0.007250377
0.20230009,0.0062118713
0.26428667,0.005665472
0.47544402,0.010486231
0.21126391,0.01867678
0.14666449,0.006174646
0.085133225,0.00483523
0.017976712,0.008651438
0.022284253,0.02058631
0.5676747,0.009773459
0.071545444,0.00470389
0.30696878,0.005301331
0.11842626,0.008368907
0.03823697,0.0076788613
0.17568925,0.0127217565
0.2222128,0.0053100036
0.52321804,0.008930157
0.6877485,0.033209123
0.6726788,0.022291958
0.12448547,0.005280588
0.68665975,0.015220037
0.12631789,0.0052721933
0.3182579,0.005211852
0.09596435,0.0048015704
0.017233972,0.010177677
0.53106004,0.009836983
0.60446906,0.024081837
0.10653627,0.009497544
0.49131843,0.009571082
0.3487069,0.008784173
0.038899396,0.006180811
0.62423086,0.015121202
0.23818606,0.011924716
0.021198116,0.02189707
0.018275833,0.009515895
0.6267066,0.009956432
0.5077435,0.0100231
0.03546756,0.005736923
0.3682917,0.019025775
0.59955543,0.017909996
0.30330876,0.0076797437
0.18933547,0.0066475836
0.09466011,0.0050026593
0.098933324,0.006614258
0.1536211,0.009472005
0.60026455,0.01148853
0.16312759,0.007946665
0.05565858,0.009840541
0.079507515,0.0041957577
0.05112393,0.015799444
0.016598422,0.011601068
0.06887574,0.015140004
0.44008306,0.009811836
0.16592875,0.004919415
0.3597912,0.006651753
0.016630631,0.009702936
0.35880056,0.0075312573
0.035552382,0.014487477
0.74229527,0.03699656
0.6817152,0.01126423
0.6262416,0.014347613
0.6241574,0.023423659
0.084854394,0.009565216
0.763913,0.01966288
0.020371847,0.017399583
0.13184015,0.0047988617
0.013526249,0.010837407
0.7003107,0.012319095
0.14649956,0.0055202865
0.01529246,0.009657685
0.59694713,0.013316781
0.4230437,0.0065291184
0.13227555,0.007774222
0.13013886,0.049154695
0.10570086,0.005021393
0.13481598,0.006974943
0.27763212,0.008388414
0.106449194,0.0049686343
0.027396645,0.020714981
0.042516973,0.005576619
0.050192002,0.007099376
0.03939287,0.0075268177
0.1897033,0.008166184
0.36573055,0.012538943
0.10274318,0.004294683
0.19568953,0.007777967
0.2036068,0.0050597847
0.31836277,0.009956822
0.7467305,0.021954251
0.19278264,0.03729224
0.06255335,0.004850015
0.22050351,0.006077822
0.32125345,0.0056878184
0.043907687,0.007497806
0.27711815,0.00494398
0.10389732,0.0049460963
0.16910079,0.005841863
0.36443743,0.008311313
0.74314547,0.037043307
0.09580094,0.022734322
0.59537053,0.009051286
0.09807289,0.01061701
0.34573185,0.017071038
0.23024204,0.00851511
0.20971772,0.034845266
0.44876385,0.010173513
0.091452874,0.007200602
0.29154763,0.007516598
0.04268107,0.005767887
0.61789,0.010082717
0.04762842,0.018148633
0.09042655,0.042326428
0.5252573,0.009620937
0.055710707,0.00699759
0.34310424,0.009810554
0.66126376,0.010532186
0.024720557,0.017794304
0.6675758,0.020447064
0.034313187,0.010341374
0.013796935,0.009824344
0.1124907,0.0062228255
0.016506257,0.009882711
0.015195511,0.009730075
0.6334,0.009825114
0.74397224,0.08780719
0.7612423,0.110206075
0.015776636,0.009730455
0.017325453,0.012480146
0.1021305,0.005509211
0.44791156,0.0077025765
0.016002696,0.011906397
0.6412101,0.041277386
0.6362099,0.019935016
0.6406788,0.016476255
0.016564693,0.008770524
0.017257918,0.010228346
0.4563833,0.007056181
0.7657762,0.017159877
0.3057971,0.004448272
0.06321128,0.006351663
0.7623676,0.018291693
0.20144202,0.009546189
0.14023052,0.006904891
0.02645448,0.0063195997
0.34799922,0.0056493664
0.4491236,0.009228643
0.63471216,0.03824761
0.07474704,0.0065304977
0.78159106,0.020706102
0.1322761,0.0072127446
0.5030621,0.007202586
0.056462772,0.0070601
0.6323691,0.012837979
0.25645798,0.0061853877
0.03632349,0.0181857
0.61835647,0.011401015
0.028725937,0.0081662685
0.30873913,0.006818424
0.039721023,0.009519311
0.5523421,0.013012894
0.28339532,0.005720781
0.016361848,0.011679765
0.5880638,0.007868215
0.31546268,0.009812133
0.04381561,0.014247116
0.13881598,0.004597454
0.7337774,0.0271945
0.14377494,0.0061283344
0.015509632,0.00916925
0.01378049,0.0098616155
0.77409005,0.029347865
0.06236418,0.006037716
0.064580254,0.004854795
0.015850998,0.009603582
0.544586,0.008284579
0.016465897,0.008907687
0.7521339,0.038485333
0.4474917,0.0071575413
0.026934858,0.032370806
0.14932136,0.007904008
0.49663252,0.006720277
0.83445406,0.051652357
0.024220996,0.022313159
0.616829,0.03289604
0.5610845,0.0081302365
0.45763826,0.01012784
0.13365994,0.0060452097
0.5244973,0.022365047
0.058049332,0.010827189
0.054736484,0.009032879
0.014243668,0.010557351
0.08689151,0.007336264
0.057441935,0.0047060247
0.29936904,0.0049901926
0.01427109,0.010246885
0.68986183,0.025399767
0.6592284,0.010984389
0.2852201,0.030394578
0.6418307,0.018330522
0.5083019,0.0071268356
0.034961067,0.015256005
0.21650498,0.0051007955
0.18642001,0.004176168
0.043149468,0.009557778
0.5543814,0.02737343
0.48494726,0.009195697
0.09802471,0.008804902
0.012423177,0.010629008
0.104470275,0.015126444
0.015842335,0.009474922
0.019026635,0.01736868
0.040847342,0.0059012813
0.577325,0.012088114
0.12973526,0.010336866
0.08895785,0.0041527227
0.046145875,0.010209132
0.23939611,0.01205478
0.46749642,0.03667632
0.09756873,0.011437356
0.033784967,0.015037677
0.17947654,0.0065309987
0.62188345,0.014332652
0.023046115,0.008922526
0.39067477,0.019643815
0.26970416,0.011215434
0.016361732,0.008092811
0.3654159,0.008423271
0.027225144,0.02329814
0.24370393,0.011748204
0.13460872,0.0095477635
0.05320695,0.005034642
0.65132415,0.011592761
0.029514585,0.030066354
0.689964,0.017786512
0.7250552,0.024001775
0.4134778,0.062486056
0.75857204,0.02338872
0.62650335,0.037107572
0.71276283,0.03352171
0.13141903,0.0056368094
0.64072764,0.011236204
0.04972212,0.012425265
0.09700845,0.016800212
0.058029268,0.016960582
0.65318704,0.013208986
0.71729696,0.015227634
0.23071463,0.0051259925
0.735955,0.019141799
0.012873548,0.010828833
0.027294569,0.0069036516
0.67928606,0.027588991
0.3543928,0.008907216
0.060488172,0.012212394
0.015365471,0.009797213
0.56606835,0.010162998
0.08206928,0.0066779936
0.6128561,0.016574398
0.018375365,0.007782201
0.024852496,0.006692287
0.69255644,0.027810253
0.30605844,0.00567687
0.015254058,0.010667125
0.33628312,0.006880717
0.016122023,0.01022559
0.2587838,0.0045074685
0.5336771,0.00966101
0.01737389,0.008229495
0.04315829,0.007641686
0.5823452,0.013847777
0.31442696,0.012095291
0.19246423,0.009167557
0.43606076,0.0066293515
0.08216497,0.008271257
0.08490375,0.016169438
0.01330102,0.011894924
0.25998285,0.0048522595
0.45681933,0.030853232
0.108950906,0.010977713
0.06773429,0.016275782
0.6380508,0.010075499
0.2753546,0.012421363
0.011757735,0.012278074
0.68706405,0.012726751
0.41295397,0.012541565
0.085243925,0.0055245208
0.019591762,0.010575817
0.22444247,0.0050403876
0.1503474,0.013272576
0.08680696,0.0065411762
0.014986433,0.01073176
0.013583345,0.011952997
0.54547775,0.0082004545
0.0998536,0.0052247955
0.5352645,0.008116789
0.66018873,0.0141956685
0.42474747,0.009309468
0.022040233,0.028250294
0.090322316,0.0046685357
0.45307532,0.0096254125
0.20427527,0.022882653
0.36650756,0.015012561
0.050582185,0.011694333
0.45145714,0.009832938
0.48330855,0.06844319
0.13807182,0.0058391998
0.028069604,0.011914747
0.7052319,0.027774647
0.37143952,0.014344344
0.75037104,0.025209233
0.58261675,0.011654631
0.7613769,0.03436303
0.4902714,0.5046277
0.28644487,0.0051879724
0.011802799,0.013954857
0.4884777,0.009625031
0.21406405,0.010788179
0.38523307,0.011414146
0.06421891,0.015685676
0.3099151,0.006750215
0.66450435,0.018811828
0.30351567,0.031270493
0.16822423,0.009875625
0.64528745,0.029378166
0.13364036,0.022690501
0.17783801,0.019880263
0.054907143,0.0052093137
0.07381641,0.006264762
0.051930927,0.0063718106
0.08591636,0.008859234
0.040891632,0.0073173693
0.28550094,0.008187623
0.029645294,0.0066389926
0.016193092,0.008781383
0.115825355,0.004416837
0.33182314,0.006883813
0.31752738,0.0071448856
0.5468389,0.008621362
0.11464581,0.0057923933
0.12528399,0.005067405
0.11347911,0.0071718413
0.015730886,0.009221111
0.2686317,0.005332418
0.49467543,0.0065846606
0.048503894,0.0044931513
0.017385827,0.008199539
0.020352377,0.013406971
0.40355328,0.009327563
0.7440341,0.013807502
0.10116131,0.014947872
0.17907545,0.004579567
0.02030591,0.017791804
0.013500447,0.010759968
0.5437055,0.008948677
0.25786182,0.007480843
0.359378,0.011887994
0.24717112,0.0054783183
0.17187262,0.022542072
0.030528441,0.030668592
0.37444684,0.005647604
0.40947697,0.009193946
0.30094996,0.0059722685
0.09775182,0.009291993
0.12742248,0.011496547
0.074527256,0.010231388
0.36335316,0.0058170496
0.15950394,0.0060375244
0.029935492,0.006850454
0.26155144,0.011023968
0.16100883,0.005447975
0.052062754,0.009472331
0.01454915,0.011720052
0.015356304,0.010354095
0.6127228,0.013206841
0.7318142,0.025793124
0.012320888,0.012830868
0.18755661,0.004279052
0.3675384,0.0063850586
0.042784255,0.0061074593
0.096981265,0.007038319
0.5973035,0.009974436
0.34724703,0.0069400966
0.10678345,0.0046940614
0.5853115,0.009838669
0.07005328,0.0051542167
0.29117376,0.007223939
0.117404476,0.0065116137
0.49328023,0.009551682
0.12005981,0.0057431874
0.013410648,0.014249566
0.08972325,0.005933274
0.058856018,0.007852672
0.12651975,0.0062584216
0.01369497,0.010434928
0.46458757,0.006644536
0.0533931,0.005918639
0.14871168,0.0044894735
0.4897069,0.008904652
0.42506197,0.01403667
0.11799096,0.004960122
0.198622,0.012386993
0.08840839,0.0044031157
0.08625381,0.007126704
0.27517825,0.005919284
0.24651669,0.0042317845
0.09523489,0.0059266514
0.014781039,0.011433468
0.013927353,0.009807529
0.6327095,0.018699884
0.6041689,0.008278368
0.01639003,0.008919988
0.016836584,0.009499464
0.61411834,0.010571576
0.390637,0.0063965074
0.16063978,0.010578131
0.13826725,0.004779725
0.28617942,0.0054909275
0.059114303,0.007894456
0.19892669,0.005499381
0.054482885,0.008203162
0.1921232,0.005537262
0.058178395,0.006188103
0.032188278,0.0068013156
0.44545168,0.009031787
0.6130502,0.014316896
0.055528566,0.005518512
0.6063836,0.013076568
0.023994263,0.017084388
0.3525677,0.0053467415
0.66691947,0.02345838
0.056914084,0.009734955
0.8231256,0.054156177
0.019701228,0.03182293
0.27417833,0.005287598
0.51339513,0.023432784
0.72434795,0.018695155
0.19615264,0.0048540416
0.84162265,0.051236115
0.027896786,0.017424425
0.23535496,0.008617507
0.5852546,0.027251387
0.6593598,0.050948095
0.05375815,0.011103636
0.57237583,0.05840285
0.47417,0.014502421
0.5561437,0.31187823
0.16610323,0.0060903705
0.53591686,0.0454147
0.60821694,0.08170131
0.6777723,0.08454784
0.10344548,0.022662196
0.3859689,0.053235173
0.15680945,0.007403848
0.72544307,0.026190944
0.2220885,0.10787267
0.39521837,0.009869118
0.05221568,0.015981056
0.031041672,0.013097199
0.051497504,0.009008421
0.014063184,0.0094707245
0.7782944,0.03796806
0.7493701,0.040276892
0.74912035,0.038972255
0.015727844,0.010236459
0.21557584,0.008885462
0.15654631,0.0076720724
0.32175285,0.0076314844
0.5442626,0.010964545
0.46993902,0.00747176
0.457322,0.009914541
0.5867335,0.030333929
0.7166503,0.021272982
0.01840598,0.007120596
0.014843101,0.01491872
0.07403712,0.007729465
0.052080713,0.015731342
0.11174531,0.004881358
0.035779774,0.03420107
0.39376524,0.008856316
0.41138637,0.007431932
0.5886221,0.011195617
0.15885772,0.0104038855
0.10548412,0.0054623173
0.14372823,0.008748903
0.46803495,0.007072777
0.083514564,0.012254266
0.6951085,0.06485224
0.04170817,0.046193648
0.097560026,0.0049732053
0.029965736,0.008439472
0.38619876,0.013046755
0.019701228,0.03182293
0.42848602,0.006363622
0.014897544,0.011021687
0.012283337,0.013349984
0.48904422,0.008308884
0.34105924,0.006193143
0.38862634,0.011679957
0.2863594,0.007892985
0.023550203,0.012188092
0.3101725,0.00677418
0.04246143,0.0058910465
0.013605545,0.009942538
0.42793378,0.011028836
0.29663998,0.007070845
0.49839666,0.022283323
0.5023268,0.011625469
0.56520694,0.0090602115
0.7559348,0.031221613
0.05883248,0.0127476845
0.36493495,0.005300155
0.41281548,0.006695857
0.3800808,0.0058851847
0.13220961,0.0076414943
0.1411249,0.0048516355
0.021198116,0.02189707
0.31006238,0.0059172027
0.05323516,0.004664629
0.21124616,0.011542776
0.10000274,0.005842445
0.073198244,0.01967578
0.4539591,0.0065698577
0.2494973,0.005034169
0.0348415,0.0076713217
0.14498304,0.010630427
0.2632925,0.030735226
0.08057542,0.0062072044
0.13724537,0.0065878304
0.029450713,0.01734651
0.17996038,0.01004641
0.041482016,0.009888754
0.5508319,0.008505575
0.05966175,0.0095968405
0.19280033,0.010593814
0.76371557,0.03878004
0.059187517,0.011078495
0.73690426,0.02824239
0.021907032,0.007478223
0.5235147,0.01516436
0.4332402,0.006738795
0.5169462,0.008525084
0.62055284,0.013650889
0.024372403,0.009792837
0.5922165,0.0094734
0.027368568,0.0124184685
0.52082473,0.009247392
0.03055013,0.051860537
0.6436709,0.013213226
0.49462846,0.0066344785
0.04605251,0.005933246
0.12036322,0.0046039573
0.027637275,0.009759238
0.04194982,0.0121850725
0.06370497,0.0063207583
0.22310863,0.006577191
0.5898889,0.013086991
0.14680493,0.007060615
0.3209927,0.011184332
0.277679,0.006267841
0.014564925,0.0104658855
0.74716043,0.022039957
0.10210344,0.0058740056
0.08294691,0.00866132
0.62646455,0.010303962
0.11058718,0.008068168
0.019989252,0.008003418
0.45639086,0.00919985
0.020976767,0.011093703
0.46089306,0.0104317535
0.03792892,0.009588763
0.018154135,0.008172513
0.5999048,0.012417953
0.16513707,0.0046107406
0.6641259,0.017632954
0.8481974,0.0712366
0.24250293,0.012237055
0.1124992,0.005666535
0.03368359,0.024678597
0.22929089,0.0064849816
0.23723221,0.009936157
0.055386905,0.004940547
0.06404794,0.005736273
0.04588023,0.010696185
0.093706995,0.0052578533
0.01669277,0.0085321115
0.48232657,0.006544133
0.044086643,0.0057240073
0.3759356,0.008691609
0.02360867,0.016587079
0.14243716,0.0047974274
0.2876143,0.015484779
0.25541848,0.006367953
0.58036715,0.012414054
0.0823273,0.009045822
0.05388542,0.007293582
0.47639197,0.0091239475
0.08837727,0.006606922
0.117677964,0.009676269
0.3937601,0.006437657
0.8177889,0.074902445
0.2892348,0.004395768
0.28141716,0.0064419163
0.0980303,0.005448688
0.046404764,0.009168379
0.26196784,0.008066622
0.09730618,0.00613941
0.035731286,0.009689433
0.28979,0.017329693
0.1337211,0.011722782
0.40371084,0.009847741
0.107873365,0.007239416
0.022808097,0.014010752
0.30610546,0.006189801
0.08275677,0.007790227
0.021253532,0.028702423
0.045153208,0.008108167
0.025285551,0.014665957
0.03934401,0.009040882
0.03934401,0.009040882
0.019598668,0.00871005
0.019626206,0.007849261
0.2028075,0.010273925
0.025825284,0.01936306
0.54016507,0.011586719
0.08568032,0.015825298
0.61422765,0.021851283
0.03240849,0.010383321
0.14296517,0.0044884337
0.074049644,0.009172755
0.04676367,0.019222407
0.29930845,0.010718434
0.51775473,0.008166698
0.15818213,0.008448203
0.22806807,0.0070685428
0.03532147,0.011693401
0.56002825,0.0077075777
0.036318585,0.022919433
0.7172445,0.034226153
0.019701228,0.03182293
0.331852,0.0059456667
0.02880064,0.0120806685
0.6826714,0.013572621
0.34054294,0.0066790376
0.1004273,0.010752045
0.017029906,0.009161719
0.308369,0.00890887
0.132368,0.0072057443
0.04709177,0.01159528
0.015714252,0.009460442
0.016783066,0.011641643
0.015255318,0.016836671
0.029287081,0.0062416643
0.018737936,0.009238899
0.77480274,0.05360857
0.050526567,0.005599945
0.015621909,0.007860287
0.1007112,0.0046890294
0.093644485,0.005794417
0.014464129,0.011857242
0.08932438,0.004119001
0.7105055,0.015930668
0.8113721,0.030641109
0.22874565,0.0068983347
0.33120832,0.3814528
0.2940383,0.014397112
0.1919704,0.0044838614
0.28664988,0.0065606586
0.034137685,0.00713484
0.6795031,0.015560747
0.31370583,0.0059620803
0.33433744,0.009351851
0.19628583,0.00475372
0.13365379,0.026651306
0.20688236,0.006261491
0.020547686,0.008201467
0.7109331,0.030504085
0.10253182,0.0052244957
0.06768046,0.0049148393
0.013155014,0.012155865
0.04979279,0.007023605
0.01687517,0.008474851
0.7846954,0.038237434
0.046897575,0.0085833715
0.50579906,0.0080374405
0.44468373,0.00781503
0.11760167,0.007034454
0.3254843,0.0069356025
0.050970275,0.008716225
0.018682418,0.0074771866
0.034069043,0.0053891633
0.74433774,0.019768469
0.01968538,0.008979159
0.6006078,0.01596617
0.26809213,0.007118152
0.59053946,0.0074335393
0.012333667,0.01214126
0.391865,0.043034937
0.42299968,0.0077312095
0.31643054,0.009056064
0.06225508,0.0064673433
0.13078237,0.006026863
0.09067547,0.010387152
0.021885034,0.01399553
0.014216237,0.0114346435
0.5814754,0.014178583
0.523418,0.023107728
0.05631814,0.012459882
0.61896914,0.014578871
0.12702675,0.004796148
0.5343487,0.009112888
0.0310558,0.008384599
0.1733182,0.007566416
0.069262475,0.0061622458
0.16983874,0.004946249
0.743101,0.017318165
0.04824046,0.007114082
0.018532258,0.008613936
0.07130225,0.00655661
0.20511617,0.0062284134
0.03592714,0.018709932
0.5783658,0.012780986
0.035120808,0.010742073
0.015488787,0.010944185
0.4109407,0.009484584
0.35034627,0.0073672486
0.648469,0.012340278
0.145186,0.006328139
0.08174921,0.010608148
0.12382613,0.0060104975
0.018095551,0.017242664
0.5435025,0.009255709
0.638573,0.013807267
0.035352174,0.007479664
0.53346616,0.0119982865
0.023493508,0.017776044
0.2717302,0.01443702
0.29549387,0.022975683
0.026934858,0.032370806
0.37229186,0.00734356
0.3601228,0.011802271
0.023185765,0.019673793
0.016569206,0.008976508
0.6222225,0.010674933
0.25626242,0.007795017
0.46270785,0.009036555
0.65241194,0.020634566
0.03657276,0.008912176
0.3041986,0.006368357
0.2939961,0.006123577
0.21228825,0.01181199
0.13304196,0.004027421
0.43629485,0.0062787384
0.6769002,0.015274233
0.57780504,0.027694857
0.2539997,0.11115237
0.023568561,0.020018179
0.46928468,0.021038141
0.39627734,0.06415495
0.11197211,0.018330136
0.5640612,0.03637906
0.16916582,0.036508273
0.1598435,0.0057860455
0.6733642,0.013887664
0.113783285,0.033962015
0.11260019,0.11488637
0.45970476,0.017953964
0.07637752,0.018049832
0.03395083,0.016829869
0.031054152,0.0074751843
0.46053463,0.007516619
0.014661575,0.009989807
0.5812755,0.008777362
0.11651659,0.010033207
0.7061869,0.015590832
0.66685617,0.012560773
0.058398232,0.006176448
0.21668535,0.03036244
0.6499714,0.054788444
0.32049805,0.006147341
0.3810954,0.007477569
0.2320278,0.0066376003
0.6813909,0.012426951
0.2306526,0.008542081
0.5942229,0.022579065
0.5125323,0.008017051
0.057939712,0.006921475
0.48742807,0.012252789
0.37537268,0.009747898
0.3201619,0.00643623
0.21139124,0.006916911
0.36186036,0.009818608
0.265666,0.0072085834
0.58289355,0.010255855
0.2791779,0.0067711845
0.24995738,0.00518517
0.16862674,0.004296541
0.31904823,0.008265564
0.022646924,0.019200718
0.4375819,0.007923933
0.030285956,0.0145224985
0.01298474,0.011592204
0.11665382,0.0046115923
0.121839136,0.004410997
0.17750272,0.02083051
0.029495211,0.013416302
0.07204896,0.0044111414
0.013455971,0.011110277
0.52491313,0.007991781
0.46550485,0.009891949
0.02428919,0.009270404
0.13768966,0.007030229
0.017889785,0.015093425
0.015119768,0.0090852305
0.24224807,0.0058163186
0.3763215,0.0054734317
0.56582093,0.0104015395
0.4844399,0.011277057
0.396053,0.008874677
0.3695503,0.0100696655
0.35741663,0.01681523
0.85072714,0.04462422
0.33111233,0.016338795
0.67158073,0.011555699
0.7140087,0.013792386
0.7508037,0.024450371
0.26525328,0.008330726
0.7918805,0.10843006
0.2775025,0.028519435
0.60812885,0.012893863
0.065464236,0.005576381
0.16396528,0.0047226413
0.43596113,0.009232023
0.13353613,0.0053151236
0.07907064,0.008052274
0.01602999,0.00886279
0.0898463,0.0075491597
0.43010998,0.006232399
0.6322601,0.02225883
0.69414765,0.013726457
0.21551937,0.013828359
0.117152154,0.0050982023
0.0128439395,0.010447403
0.18555503,0.0052099633
0.15732242,0.0066522234
0.10702493,0.0049865455
0.7193544,0.029633665
0.021529954,0.013024989
0.67843896,0.017124834
0.49107304,0.014435757
0.32299975,0.006280994
0.580296,0.011734664
0.4936473,0.008671726
0.7109122,0.028644986
0.050026838,0.007193264
0.012662273,0.013093225
0.68630147,0.017660208
0.42113772,0.013541254
0.74462986,0.021651484
0.14352019,0.00487953
0.7377135,0.04364355
0.6149335,0.015260684
0.7164688,0.03341335
0.096924,0.009718801
0.4996275,0.008204298
0.65775496,0.01494491
0.69786394,0.020110082
0.1334054,0.023959836
0.017662425,0.010343987
0.04538982,0.007968973
0.41656518,0.008292892
0.3070686,0.0070319036
0.030943444,0.0070103677
0.07814823,0.010314981
0.12463467,0.020985337
0.039307024,0.0063917357
0.20079504,0.006554697
0.63858324,0.018512284
0.5761338,0.011166268
0.12444845,0.005968063
0.033580963,0.006229387
0.059896026,0.0055650994
0.35609323,0.0071532186
0.19262233,0.0045667836
0.3249483,0.0053659217
0.19833572,0.0052262703
0.030220972,0.009906914
0.6468024,0.0177136
0.5670562,0.01419611
0.32429838,0.009899778
0.38286397,0.0068123946
0.5018543,0.009925757
0.22744465,0.0070226933
0.04648277,0.0061149285
0.021913713,0.013271626
0.020401986,0.006754999
0.17604308,0.0059682275
0.08511768,0.004574807
0.01877228,0.01470304
0.2661697,0.007731773
0.19480921,0.005825138
0.37754917,0.010271961
0.24818842,0.005253003
0.0140065495,0.01067171
0.6692584,0.023126293
0.0939603,0.0069893673
0.013130586,0.011470944
0.23288913,0.005459945
0.095954195,0.007045267
0.112285584,0.004142412
0.023178056,0.008699222
0.1491146,0.009119012
0.0706483,0.0065718843
0.5971205,0.009322648
0.26177582,0.006259403
0.14421351,0.004434858
0.18554696,0.006498458
0.6135379,0.010344654
0.20710714,0.00545166
0.39804435,0.008504368
0.030048082,0.015199215
0.6662795,0.011807438
0.61621,0.012519311
0.38629693,0.0070735374
0.16070613,0.004597406
0.4519273,0.010336174
0.28726548,0.07489358
0.7256933,0.04067052
0.08685862,0.0052310023
0.78143513,0.04847979
0.02759402,0.01738081
0.54431367,0.012637105
0.04372204,0.006341743
0.21816903,0.0046278946
0.6616366,0.023883188
0.021198116,0.02189707
0.11917176,0.0050420784
0.4667124,0.006913057
0.040543973,0.00833711
0.6622651,0.017005704
0.06897063,0.005017747
0.30587578,0.027592383
0.022120416,0.006164287
0.15501322,0.0069155847
0.33097795,0.006312671
0.2423676,0.0050318404
0.015987206,0.009658414
0.23240626,0.0053722244
0.69529986,0.056323014
0.29190102,0.008223756
0.52969974,0.01506967
0.02215079,0.010473099
0.03315237,0.008348638
0.7932286,0.02703595
0.07695115,0.009977859
0.6535474,0.015894469
0.19378084,0.0068515637
0.62078166,0.012007876
0.64642036,0.010999204
0.7929353,0.068549946
0.36351338,0.0055685807
0.587387,0.0076324088
0.014365859,0.011118862
0.7882997,0.05632071
0.4979838,0.008565151
0.09709731,0.0067162104
0.049416307,0.019634956
0.14768039,0.0038947486
0.16581203,0.006570649
0.14624432,0.007866049
0.1640641,0.0041848067
0.099726975,0.0073933247
0.07074208,0.00476952
0.047666915,0.0059551634
0.7043617,0.020529477
0.024530355,0.010170916
0.016930874,0.0081261685
0.07173595,0.009423409
0.42252356,0.009190723
0.33404937,0.005438269
0.81163937,0.045664627
0.11443026,0.0070050186
0.27670062,0.010834442
0.091996245,0.0059433
0.25755382,0.0058641764
0.20852894,0.005415533
0.55803895,0.014088708
0.110090174,0.005397648
0.033304848,0.006266615
0.013981535,0.009077987
0.6769772,0.031272702
0.056298953,0.006533177
0.45624158,0.01795905
0.53174573,0.015072543
0.25672498,0.011291306
0.28853887,0.009126323
0.7280068,0.018497588
0.45841444,0.007750453
0.29058585,0.010172971
0.046771348,0.010581391
0.8111107,0.036443602
0.5560141,0.012693255
0.05426454,0.007869779
0.71023697,0.016845657
0.49369234,0.011473886
0.6821248,0.022306938
0.18133992,0.0051736175
0.63154423,0.009949882
0.71879834,0.0248488
0.112782024,0.00768332
0.70101243,0.015855677
0.060978375,0.0065768426
0.07681764,0.007487045
0.037308007,0.009297763
0.016459906,0.010936177
0.6001658,0.015196126
0.015311047,0.01256657
0.014169261,0.013036672
0.032039396,0.006736944
0.024631772,0.007127335
0.28526017,0.006895656
0.1685744,0.0056722504
0.031085052,0.030452747
0.07677538,0.0061590453
0.01303864,0.01103228
0.38614634,0.009110985
0.05290572,0.005758349
0.3173793,0.007332605
0.026132746,0.01799537
0.31891173,0.00925174
0.24483314,0.006788459
0.24191724,0.0077223955
0.029307863,0.006259391
0.02715391,0.009297505
0.63648313,0.012654376
0.019383505,0.022215607
0.1154855,0.010963407
0.030166922,0.021300444
0.13013047,0.0048906384
0.5622236,0.009871681
0.64101154,0.013793166
0.059277777,0.009026957
0.79773515,0.063395925
0.16711116,0.004678735
0.8301986,0.069417104
0.07363048,0.011091014
0.31630307,0.01011315
0.09412124,0.022349454
0.41456768,0.007301558
0.33947793,0.0060891556
0.17696682,0.0051190057
0.64026177,0.01085945
0.25420973,0.04095383
0.18690643,0.016459018
0.026825298,0.01386481
0.36600268,0.04075957
0.066989616,0.0068586213
0.5667031,0.020160785
0.025082761,0.04276398
0.39412928,0.026707398
0.15583938,0.008187197
0.1514627,0.0054527954
0.46998426,0.02513076
0.51961255,0.009810048
0.2530993,0.021448318
0.025865138,0.01297206
0.22485293,0.010305484
0.30639225,0.013396529
0.23414555,0.036192767
0.02457546,0.025103666
0.43829122,0.16261719
0.03987976,0.0124500925
0.41390172,0.0124217495
0.097531855,0.034243435
0.1402941,0.010973163
0.012100043,0.012649921
0.7110726,0.018708304
0.01931373,0.010460317
0.63173777,0.024013652
0.14822488,0.0060319244
0.8125099,0.05327288
0.040830143,0.013475804
0.5126995,0.011695766
0.71672714,0.016416794
0.18187901,0.009732739
0.02229818,0.014285465
0.566013,0.013138849
0.09773014,0.04867251
0.15131825,0.0258104
0.038026553,0.008030254
0.09329784,0.0053311153
0.020045325,0.01324284
0.23279509,0.005931041
0.30436128,0.006398705
0.6529378,0.027496882
0.16307916,0.024120936
0.20690851,0.0052064653
0.41482538,0.0057027703
0.15974416,0.0058316397
0.3582693,0.009001489
0.07549938,0.0075822524
0.1767118,0.005128488
0.04540228,0.022232074
0.64311266,0.012585542
0.072375126,0.0076450743
0.45973077,0.0098662395
0.07003216,0.0062985956
0.28715423,0.0042913915
0.061553705,0.008924816
0.05410653,0.008848727
0.5469339,0.01190071
0.6704702,0.01245109
0.3360233,0.010693939
0.01454263,0.010326164
0.2946998,0.008839702
0.1542613,0.004641432
0.19337206,0.0052555623
0.2381511,0.0051112575
0.04499262,0.00795205
0.14621942,0.004391932
0.049042337,0.0070195687
0.66839665,0.019040655
0.28074965,0.0045915684
0.5151855,0.024067236
0.46823308,0.012828761
0.78079003,0.030796818
0.56983817,0.012188436
0.023571223,0.017533379
0.32812425,0.022225086
0.04557796,0.0061330297
0.36484817,0.012042359
0.024593223,0.017460676
0.16560057,0.011301141
0.5215369,0.011684444
0.5221405,0.0070439065
0.01865566,0.014366042
0.15148759,0.0045745983
0.24697338,0.00789993
0.049925435,0.0060526924
0.35892117,0.0088714305
0.0497624,0.014075466
0.6757014,0.012995733
0.50292593,0.016770363
0.025825284,0.019363055
0.54832333,0.008813642
0.43673396,0.010765406
0.36588123,0.29598793
0.032201618,0.008861634
0.6158504,0.022476118
0.4449917,0.01051922
0.65353715,0.011219152
0.55554694,0.011643645
0.72333246,0.052636307
0.35629705,0.010478693
0.03573472,0.017738434
0.2693646,0.007761359
0.038514394,0.011912597
0.42313683,0.008294453
0.022276131,0.009168315
0.7814229,0.04730101
0.43109524,0.042867623
0.07245134,0.0140377
0.6602696,0.018864015
0.45899785,0.013597305
0.12757331,0.0065670363
0.031857517,0.008975995
0.20810129,0.0049295085
0.12106263,0.008261813
0.19868721,0.0176074
0.7584912,0.025390891
0.23017283,0.079439685
0.32166722,0.00772017
0.3537666,0.0065301573
0.12859513,0.0059707426
0.059490487,0.015811801
0.121483095,0.03593882
0.3997042,0.009795718
0.3067545,0.009961712
0.053578805,0.01434988
0.15476654,0.009806039
0.07036246,0.005130077
0.15845203,0.003956114
0.4368775,0.010102096
0.4079209,0.009212277
0.041862506,0.009604235
0.080079705,0.0053663086
0.112185635,0.011351136
0.70020074,0.01163397
0.6877491,0.018300591
0.02359395,0.030080305
0.5850252,0.010107357
0.52981764,0.008654265
0.6372908,0.019265767
0.04873652,0.01067803
0.5805213,0.009157772
0.10481546,0.018196246
0.7869725,0.021922555
0.7406598,0.027671034
0.7548376,0.020637771
0.12714256,0.0083972635
0.14349695,0.0055715544
0.074605405,0.0044725267
0.31131628,0.006720264
0.16005796,0.0048048
0.76505905,0.040330414
0.336802,0.005503537
0.23196624,0.0045790602
0.040002428,0.008447296
0.64411026,0.012912016
0.53834605,0.018522862
0.7071694,0.03525175
0.023502551,0.019627215
0.016496133,0.008567864
0.564578,0.00941428
0.72627056,0.0147916945
0.06280406,0.007132915
0.19082178,0.0045324964
0.71088344,0.019375702
0.0380126,0.009228342
0.25222403,0.0098927375
0.74537194,0.024325652
0.41740847,0.008758109
0.07899822,0.011011696
0.2913758,0.005574995
0.03258922,0.006605016
0.24594069,0.006991791
0.57994795,0.012713894
0.025825284,0.01936306
0.72804165,0.03861297
0.27367172,0.010310889
0.6569967,0.013949098
0.4211604,0.007303089
0.13167162,0.0041943477
0.025445387,0.03535258
0.20654681,0.036488134
0.48783472,0.008868806
0.25024223,0.004911699
0.29039022,0.009078618
0.25982347,0.008555009
0.04629104,0.008462074
0.18966767,0.005041631
0.20704511,0.011190804
0.04956043,0.016635746
0.40537688,0.007518593
0.30520174,0.006673494
0.28239185,0.005082332
0.1275326,0.005395378
0.14548402,0.0065773064
0.020141503,0.0085079875
0.6326508,0.016710658
0.08899531,0.008033237
0.38511932,0.013988399
0.23513862,0.00547663
0.05759429,0.0064404514
0.7926635,0.0857002
0.127244,0.024498757
0.5287356,0.007807288
0.01689518,0.008244059
0.021775868,0.014167091
0.66463983,0.021750621
0.036951195,0.016668214
0.618294,0.016488051
0.46547562,0.008430342
0.46292564,0.014829037
0.74881154,0.025292702
0.055117838,0.013991602
0.061249737,0.006159098
0.73207814,0.03312832
0.11456128,0.008821581
0.35075447,0.0096516665
0.12220624,0.005970369
0.22083414,0.0038055119
0.19798121,0.0041956585
0.045081627,0.006695616
0.5165024,0.0077871983
0.011503502,0.01360058
0.017224848,0.009999588
0.051955145,0.00597451
0.013853378,0.010120413
0.24942851,0.007555564
0.3992154,0.008758746
0.061563898,0.011398941
0.7037892,0.03820688
0.26335168,0.009882874
0.073608,0.011086015
0.02814783,0.013869516
0.7393704,0.036490068
0.087204255,0.013155386
0.056138385,0.012673068
0.10468919,0.0072952393
0.55129844,0.02498352
0.04883846,0.008401529
0.74463195,0.053750146
0.42577633,0.012715391
0.09329193,0.02480331
0.07793365,0.030105738
0.38227037,0.00547217
0.2518262,0.0050610476
0.15912737,0.004242725
0.5478979,0.017664725
0.02633794,0.022195164
0.2358833,0.004702662
0.17535639,0.0057154647
0.4162025,0.0054011
0.03820757,0.014037593
0.050442047,0.0046115066
0.47931156,0.0073040607
0.034584314,0.007159693
0.084290184,0.0074472413
0.4776177,0.009706157
0.021637276,0.014243131
0.22806293,0.008197096
0.1273844,0.005421479
0.013393524,0.012073567
0.17306153,0.009731031
0.57037437,0.009430114
0.8100803,0.039137576
0.597586,0.013035328
0.123405844,0.004020973
0.018651698,0.010291993
0.08857514,0.0049574887
0.44730693,0.011280275
0.12439418,0.006237797
0.2917667,0.0054487037
0.24404258,0.012860019
0.0761886,0.011087794
0.12172908,0.011519177
0.024935385,0.014339598
0.3051726,0.35972932
0.8639358,0.09244972
0.39477223,0.006911283
0.27812067,0.0071513155
0.019442579,0.008294485
0.017325453,0.012480146
0.44661504,0.008859565
0.08675254,0.008303511
0.5755364,0.015329802
0.3116536,0.0062422412
0.12552616,0.0044818227
0.5832055,0.010162263
0.09734275,0.0048974007
0.45815164,0.008503825
0.016111875,0.0088704415
0.049706295,0.0045974017
0.6526281,0.011875207
0.57322264,0.009640161
0.09681538,0.0067287744
0.5100686,0.008839481
0.042443752,0.008203689
0.05146669,0.0054781805
0.24701676,0.005214394
0.5437039,0.011827763
0.31849653,0.028957706
0.11040056,0.009179137
0.54255044,0.010214423
0.15272345,0.0056288796
0.33570883,0.006961069
0.39787292,0.019332498
0.22572038,0.009175694
0.6857148,0.015556847
0.2708358,0.006175468
0.01532013,0.011237348
0.015269093,0.010759497
0.021047719,0.0075194864
0.2399729,0.005583411
0.5843397,0.00827993
0.11958755,0.014115603
0.019331206,0.01952893
0.6489356,0.017113319
0.10435298,0.0071864147
0.21551421,0.005286477
0.14674512,0.013015723
0.4184636,0.038753573
0.23635839,0.005297961
0.5101811,0.008460202
0.14315258,0.0047577797
0.096812375,0.01070772
0.13105826,0.0056072813
0.03463704,0.043824174
0.2661113,0.007806509
0.24931444,0.006748738
0.050401244,0.015574607
0.11624985,0.0040079816
0.015520825,0.009542358
0.019702494,0.008506829
0.018555159,0.010161233
0.017710274,0.008104966
0.4132052,0.024621733
0.03371075,0.007972725
0.47683385,0.011618146
0.10060927,0.009461596
0.026934858,0.032370806
0.40351978,0.005132728
0.6725454,0.011240438
0.014571947,0.011696692
0.15122165,0.008531317
0.62763405,0.015202465
0.052228805,0.006367109
0.12942839,0.00922265
0.6559984,0.023219194
0.04141226,0.009795566
0.62021303,0.006794879
0.03568293,0.007561487
0.018862484,0.02083623
0.74592906,0.03132572
0.6127645,0.015186367
0.13566576,0.01483995
0.5584919,0.015427652
0.41948113,0.0079155285
0.4951111,0.0074042124
0.05818331,0.0102515435
0.03216922,0.012294503
0.030198595,0.01447114
0.14132845,0.004818276
0.17317072,0.005479389
0.03241224,0.017534101
0.13093036,0.00850309
0.026086913,0.009157418
0.108185574,0.006657055
0.45246667,0.0072917417
0.47437692,0.0065919445
0.20150304,0.025670238
0.45690697,0.015736904
0.47613943,0.012277144
0.02536088,0.011664291
0.2150029,0.006074706
0.36470938,0.009654644
0.21633399,0.004431808
0.20170276,0.005441437
0.49264777,0.013782194
0.16931203,0.00538433
0.12706819,0.0108024785
0.085891634,0.0051672603
0.20776,0.008667435
0.5118606,0.012030667
0.28614232,0.011179181
0.031081196,0.010492031
0.38367173,0.0075995917
0.042511888,0.019165594
0.5360213,0.0112884035
0.16024339,0.0061720824
0.14404583,0.009890216
0.17173216,0.0056556216
0.17624605,0.011974608
0.17815396,0.01892332
0.06377914,0.0061655287
0.02787958,0.016442223
0.18005207,0.025766453
0.124557875,0.013136933
0.23410036,0.010375783
0.07753951,0.0060154134
0.11258571,0.017609123
0.15933599,0.010110014
0.2180464,0.036688488
0.19179343,0.011523788
0.11653647,0.007458042
0.1153469,0.007717979
0.2512394,0.018436158
0.029794935,0.014064698
0.12981142,0.029678956
0.18404174,0.005378756
0.13749228,0.005076782
0.1847499,0.0056261956
0.13788703,0.0051852562
0.04109928,0.009215359
0.27721554,0.0059637986
0.021800326,0.012914205
0.33681944,0.008032242
0.057646886,0.0046163728
0.062419623,0.005892264
0.19053282,0.007181545
0.10981551,0.006494269
0.09587956,0.0048901113
0.34507707,0.007872162
0.6483815,0.026004061
0.027706368,0.012620301
0.013152094,0.010606056
0.0117312595,0.011608316
0.19918813,0.010691115
0.5515875,0.011387308
0.056517757,0.015835237
0.01495465,0.011738199
0.3578852,0.0060848747
0.60964525,0.05066978
0.5116159,0.0070633735
0.69302183,0.014789041
0.48977572,0.01075031
0.2860926,0.010088491
0.08769313,0.009127009
0.024993952,0.0061315536
0.076948136,0.0060642497
0.03143413,0.01320599
0.021987097,0.008578199
0.7111151,0.017183464
0.31638524,0.022108609
0.738727,0.027399173
0.09786096,0.0057705347
0.60289913,0.014223702
0.18786842,0.0061878744
0.71327746,0.027494166
0.2120518,0.0062909215
0.28045234,0.005516296
0.06482014,0.006207517
0.22109896,0.0091879275
0.13045932,0.005509227
0.298059,0.006864535
0.13007307,0.008454808
0.08421465,0.009279957
0.59272325,0.011454906
0.26230353,0.004646475
0.12543184,0.005413866
0.47933847,0.009727998
0.26915577,0.007158961
0.29482684,0.0054538636
0.035236966,0.006791025
0.34026268,0.007616419
0.18394238,0.011132811
0.025930136,0.008674436
0.2463032,0.006671082
0.1912968,0.0051187146
0.10768601,0.0045405733
0.44630474,0.01155633
0.084955335,0.006188654
0.36999592,0.008786764
0.023333138,0.018084398
0.083367646,0.006353084
0.10733737,0.008848705
0.04492301,0.024605853
0.014025429,0.010589946
0.10374867,0.0046779914
0.026969556,0.018962843
0.015315845,0.01146034
0.17100355,0.0056728716
0.07181779,0.030583026
0.013591244,0.011709414
0.073742226,0.008246808
0.03737186,0.0077426825
0.34099808,0.004736331
0.047201976,0.0069790757
0.018777674,0.009512915
0.033498056,0.009033242
0.025330193,0.008281818
0.01898563,0.008203235
0.07251918,0.008448334
0.16409497,0.0054712845
0.03768859,0.015213411
0.014373328,0.010040262
0.17296052,0.0041903583
0.67780215,0.025959454
0.077705026,0.0071445648
0.3539426,0.008161639
0.21448988,0.012416767
0.24938066,0.02224069
0.14137435,0.0055250633
0.04838595,0.0073864586
0.41957238,0.008478426
0.6763736,0.011925856
0.116181895,0.0062972084
0.5530648,0.007803253
0.25362143,0.0053570545
0.02278896,0.010300068
0.27122256,0.0052231825
0.25642428,0.004549605
0.014115956,0.010143359
0.019026635,0.01736868
0.042198654,0.015484655
0.11399456,0.0097489115
0.017272927,0.010644861
0.6577763,0.061037954
0.4991819,0.011258131
0.34851274,0.011529981
0.7734003,0.02545974
0.059081014,0.0049442025
0.3236363,0.0052268975
0.09915603,0.006338441
0.2752172,0.018139904
0.117938116,0.004937369
0.72825086,0.024160462
0.22352159,0.009061093
0.15745877,0.006771967
0.5993687,0.01736519
0.22255976,0.0090062795
0.22822315,0.0068839495
0.07871436,0.005762978
0.22556123,0.0061240667
0.020098146,0.035483282
0.75646865,0.029640555
0.049252003,0.032887127
0.6236873,0.045629114
0.68747526,0.044131014
0.1827706,0.008338348
0.81717336,0.04158122
0.2584854,0.015466131
0.12368474,0.010472891
0.4064023,0.0066649495
0.24959974,0.00975722
0.51106656,0.007965035
0.21039435,0.012747469
0.30714396,0.04822101
0.021722067,0.014236051
0.073326364,0.0053673983
0.14385729,0.0051002293
0.30579904,0.0054148426
0.04499883,0.012057693
0.13298015,0.004377955
0.078309186,0.0044032224
0.4273504,0.034642752
0.100260876,0.0075045126
0.03368359,0.024678597
0.4489718,0.03743708
0.47364515,0.037635855
0.24224916,0.61337817
0.38439274,0.042213347
0.13006519,0.0074116387
0.039548095,0.00905256
0.36877054,0.021344282
0.22669718,0.007624341
0.24424618,0.006446389
0.39061657,0.082292035
0.03143498,0.008835391
0.46997446,0.039869204
0.25930354,0.020191927
0.20625365,0.009689314
0.49762654,0.019821312
0.061202466,0.010412632
0.4527027,0.023281567
0.22100595,0.009962704
0.31011677,0.028424587
0.14326623,0.009102637
0.55682623,0.019658184
0.31093028,0.02032657
0.673282,0.034965903
0.55625284,0.014691066
0.14957097,0.008233972
0.017736275,0.008473076
0.63877726,0.01777919
0.2446518,0.017193347
0.17178902,0.01795251
0.07048774,0.0061592823
0.11337977,0.009893214
0.11886175,0.01131545
0.19540969,0.012541436
0.108377494,0.010694343
0.47315845,0.019504411
0.039985426,0.0062954514
0.30167618,0.05987184
0.16749197,0.018638143
0.045775026,0.010226647
0.42593312,0.014917235
0.43982223,0.15086319
0.23923907,0.014584367
0.0412331,0.014384884
0.24730663,0.013623681
0.05447795,0.011311728
0.48556975,0.009202333
0.109247595,0.009742579
0.035709035,0.015931923
0.50088316,0.010239281
0.43686488,0.010123242
0.69104344,0.027884986
0.0457623,0.016399095
0.013226057,0.013141267
0.04069461,0.0060476684
0.802129,0.051057983
0.027591558,0.009273344
0.7598122,0.049360912
0.049252003,0.032887127
0.32357293,0.011306673
0.38148946,0.0064869667
0.19790642,0.012694719
0.026934858,0.032370806
0.66936004,0.010411065
0.33935764,0.0066321283
0.12386703,0.0126754185
0.049283564,0.0070301094
0.36293286,0.0058604167
0.72949874,0.022353806
0.028648641,0.02566903
0.016558867,0.00945644
0.4281848,0.019005794
0.024775155,0.018977238
0.07422347,0.008459182
0.07250483,0.005109129
0.072292365,0.0050158305
0.14942226,0.0050160163
0.09317559,0.008220567
0.7109826,0.017871507
0.033123128,0.029026669
0.048982393,0.0063789813
0.7374995,0.017038735
0.013584405,0.01066386
0.5125683,0.009761072
0.32449758,0.0055479435
0.50447106,0.0076634265
0.013373142,0.009282754
0.038462948,0.011518547
0.09626467,0.009959262
0.21302643,0.0054987036
0.011512604,0.012266819
0.7535107,0.034168735
0.14921707,0.0049234075
0.080051415,0.0072511495
0.66462374,0.014392784
0.6300542,0.015075078
0.038171463,0.007901369
0.76618886,0.026605878
0.7265442,0.02296382
0.013424805,0.010378422
0.23657724,0.0050566937
0.021198116,0.02189707
0.14689606,0.0061079687
0.77439046,0.044167478
0.41304886,0.011863022
0.6733786,0.012382548
0.11804909,0.007479965
0.013195573,0.010816316
0.49918997,0.014611812
0.45894527,0.009574363
0.06891867,0.009707825
0.57927734,0.011939563
0.38831672,0.009399802
0.036413852,0.005764405
0.6586966,0.01008522
0.51677895,0.0071460223
0.5670857,0.022703066
0.33359203,0.00760157
0.05070631,0.006389141
0.20054504,0.005767228
0.12787469,0.00643713
0.050748926,0.019283028
0.10744168,0.006398614
0.53478104,0.0082602305
0.02126148,0.0073813214
0.0311029,0.0067399153
0.44209713,0.008444549
0.017698506,0.010311867
0.36913386,0.011443718
0.7602694,0.021435339
0.7545476,0.020256432
0.025476966,0.007759696
0.020319303,0.012532912
0.030213749,0.006705978
0.033376493,0.0138556445
0.028557992,0.0059822747
0.03925262,0.011240797
0.020976635,0.0067666997
0.031486202,0.0058245417
0.32479525,0.06250634
0.023417862,0.014722166
0.4972992,0.007884315
0.20099257,0.0073971613
0.028929755,0.007176872
0.02360803,0.009518358
0.017684396,0.008056747
0.08107753,0.004852534
0.049414616,0.013125372
0.56938803,0.012834076
0.067789674,0.006389114
0.034717962,0.0077587846
0.3442317,0.008077511
0.03536369,0.010771186
0.015754795,0.008138238
0.7008063,0.015349492
0.030390501,0.0080049895
0.10322108,0.0063198456
0.65849674,0.017861942
0.028251972,0.023421254
0.32283217,0.006677171
0.041805252,0.017832162
0.09427466,0.006132623
0.53943956,0.009318601
0.5896642,0.010468824
0.012589595,0.011855684
0.5508351,0.014786283
0.06286281,0.00936895
0.491147,0.019915758
0.03764436,0.011069284
0.46135136,0.0118437465
0.7057968,0.065713264
0.5871178,0.0106093995
0.16580412,0.009050499
0.43339455,0.0066723437
0.033785816,0.008358141
0.3762141,0.010489844
0.07067739,0.0066228393
0.043506842,0.008721342
0.03276965,0.008649835
0.74815136,0.027785484
0.21470778,0.011712721
0.026363209,0.014753934
0.14845225,0.006840038
0.5402604,0.019152531
0.030257776,0.0071882666
0.012307572,0.010987539
0.49895552,0.012823955
0.20665632,0.004594688
0.051134374,0.008881109
0.62343353,0.010802137
0.74734557,0.021636035
0.26153985,0.005664832
0.78336924,0.042189304
0.36080414,0.0059818523
0.12505648,0.0061741015
0.013756262,0.01165646
0.0154708065,0.009540276
0.3622382,0.011085346
0.13177517,0.0046580317
0.05860431,0.005653444
0.015902467,0.008350687
0.63669586,0.014518923
0.045766704,0.0048680273
0.43799114,0.009542592
0.0150816,0.009339345
0.37699097,0.007421137
0.04148597,0.00652245
0.7680881,0.036039054
0.20643662,0.0039568353
0.015271881,0.012258578
0.772018,0.022451285
0.7448049,0.053587534
0.042326033,0.0069872304
0.7870467,0.03366868
0.70656896,0.015286774
0.31223595,0.01868234
0.02812806,0.008406504
0.040541478,0.008131444
0.014156326,0.010820848
0.0131916255,0.009131365
0.5090307,0.011944277
0.31888455,0.005639344
0.020901103,0.012348812
0.60460716,0.010181785
0.019810911,0.012320355
0.018340662,0.008861458
0.25584465,0.0054927426
0.24149314,0.0061939377
0.014172713,0.00919976
0.4457983,0.019610083
0.12070465,0.011128691
0.6565435,0.019486163
0.51033694,0.008107696
0.018850245,0.008662078
0.017325453,0.012480146
0.23730402,0.0074015213
0.5223388,0.009825749
0.059241835,0.006867419
0.120150775,0.0066473666
0.030740006,0.019931253
0.39893314,0.0063931113
0.13274705,0.046196364
0.45215148,0.01186415
0.11793183,0.0062619303
0.4616346,0.009350222
0.16592039,0.007827519
0.04154944,0.008099918
0.014628552,0.010673532
0.08576873,0.006317522
0.17965625,0.0053726416
0.41278166,0.008004093
0.7453064,0.03195695
0.040720187,0.0073549002
0.35766417,0.03390866
0.018713232,0.01625573
0.4369045,0.008747923
0.6423081,0.020787532
0.23237193,0.0051229587
0.19642854,0.004256593
0.23264922,0.0091955615
0.12618752,0.00644638
0.4780166,0.010408251
0.09934101,0.0048405696
0.019340387,0.007668356
0.15653917,0.007893642
0.16091226,0.008323572
0.033025716,0.010985813
0.4654378,0.015169539
0.46626836,0.009595113
0.013161968,0.011653428
0.017248735,0.008613007
0.13804208,0.005217128
0.03778469,0.01706615
0.10711111,0.0063008824
0.46809375,0.0064503793
0.16097078,0.0053900736
0.060317073,0.0060741133
0.18236509,0.015117461
0.108678386,0.004924356
0.37711793,0.0061889356
0.03177994,0.0072921077
0.12133041,0.0044147363
0.01555421,0.009644905
0.017431855,0.016290218
0.33159155,0.0053731366
0.18647626,0.0043936563
0.37755406,0.006269454
0.8105898,0.04193949
0.05026326,0.0067553353
0.34799922,0.0056493664
0.13080058,0.0053807027
0.28429395,0.011609196
0.45891392,0.008028101
0.20847647,0.005845107
0.07642532,0.0070160865
0.18062775,0.005812207
0.6184555,0.014625741
0.14246012,0.0066848355
0.1553889,0.00865282
0.5932013,0.015578573
0.59326947,0.01898006
0.35754094,0.021199381
0.021885034,0.01399553
0.5115012,0.02525004
0.45937744,0.027854847
0.03258519,0.010297157
0.25382927,0.022226091
0.051947374,0.005118955
0.19455872,0.0065234387
0.023058122,0.010868361
0.0937398,0.0054628327
0.012927329,0.009934533
0.10464849,0.007033522
0.05553376,0.0053399424
0.041432276,0.008839497
0.014336936,0.009262087
0.11911053,0.005781017
0.7365291,0.01849574
0.622215,0.024223056
0.32490557,0.010166793
0.6140093,0.013844788
0.045310475,0.0067425845
0.38609543,0.009899942
0.031024493,0.010424968
0.37835348,0.0066198967
0.3833281,0.0063331034
0.14884707,0.004627846
0.01818346,0.010912046
0.05228391,0.006431621
0.34252855,0.0057586683
0.3613051,0.008729051
0.015133713,0.011830082
0.26816458,0.0049991813
0.026946792,0.014571962
0.74163985,0.018439172
0.6654951,0.018540712
0.66629153,0.010901942
0.37314194,0.027727718
0.03389661,0.017054556
0.6535366,0.11853627
0.11319485,0.004523276
0.16661654,0.0069645997
0.74961734,0.023251593
0.35380724,0.006627387
0.6457752,0.01268307
0.24612314,0.005539348
0.63953966,0.011194371
0.34190533,0.019067727
0.0287136,0.019529294
0.40726155,0.01190075
0.6306319,0.03771082
0.049252003,0.032887127
0.73460895,0.017744716
0.20345789,0.013813391
0.030224258,0.010146069
0.0245521,0.006960703
0.03813055,0.006727812
0.1372013,0.010202918
0.75671446,0.040065274
0.02414568,0.0060729384
0.017663814,0.009296244
0.021590978,0.008448427
0.02750729,0.0067533706
0.6548628,0.020269476
0.30054438,0.00798254
0.054008022,0.009611898
0.31764713,0.0073165805
0.037789,0.013452635
0.68791264,0.036711346
0.17654301,0.006217208
0.6822394,0.028076127
0.48181143,0.011592269
0.7765612,0.04688907
0.19591814,0.016041161
0.21530521,0.011261044
0.34726587,0.011028648
0.015744328,0.009653362
0.29564872,0.010278217
0.57506686,0.012729994
0.10731159,0.0092172045
0.5967648,0.018867569
0.06285781,0.010414602
0.788053,0.0246388
0.59300965,0.018268764
0.029782407,0.02524084
0.5855184,0.018020766
0.34745577,0.006622252
0.34893566,0.007982253
0.28465384,0.0059152846
0.184271,0.0066179843
0.36815456,0.007091091
0.6507784,0.018518195
0.01653013,0.00974465
0.013500447,0.010759968
0.48434448,0.009052886
0.7702519,0.039862275
0.029514585,0.030066354
0.01963653,0.008279217
0.11217236,0.013277534
0.013435426,0.011230949
0.7457544,0.017141888
0.45512247,0.01297852
0.026508046,0.022456903
0.21066353,0.006383214
0.06353513,0.011251995
0.4552255,0.016519677
0.026994443,0.010464488
0.6344596,0.011757996
0.013382281,0.0104888985
0.09322528,0.0052745747
0.01544013,0.009353919
0.021775868,0.014167091
0.45682028,0.006564262
0.4252414,0.014870877
0.22672527,0.005576997
0.03365823,0.0075294496
0.2738969,0.01103855
0.016915016,0.013607338
0.42756316,0.010317826
0.23739551,0.025775233
0.024797803,0.0076344283
0.015476429,0.009160378
0.20920908,0.011980364
0.05583086,0.009995568
0.0447424,0.006856549
0.014328448,0.011821802
0.4629727,0.010524219
0.018248305,0.01035881
0.0186486,0.008779636
0.71665573,0.0143997045
0.07192035,0.006302349
0.77812946,0.02207865
0.02030468,0.0074549965
0.019702494,0.008506829
0.7165624,0.02397098
0.43585122,0.0102989795
0.07253659,0.0074323043
0.29699057,0.007689296
0.24351835,0.0056685936
0.034423646,0.0070156273
0.110274106,0.0041439743
0.03312312,0.029026663
0.14036396,0.0065911487
0.23338969,0.23579478
0.035924498,0.016137777
0.08180956,0.005400035
0.46036342,0.0067904396
0.051358007,0.005621004
0.041379575,0.008768741
0.013582131,0.010801408
0.31037492,0.009801326
0.731144,0.023813816
0.12040447,0.01904795
0.7002371,0.018261058
0.019615598,0.007565747
0.0151997795,0.009930819
0.012756707,0.010936766
0.373049,0.023743046
0.73606426,0.02146044
0.3680248,0.007189178
0.14251167,0.0058969697
0.036318585,0.022919433
0.45486715,0.0066730543
0.47360563,0.00925219
0.32089296,0.008271743
0.12934096,0.008299985
0.030528441,0.030668592
0.48545164,0.011155065
0.21717137,0.01063615
0.06353513,0.011251995
0.7561676,0.026345896
0.36293536,0.012746496
0.08241521,0.008017278
0.2086644,0.006016363
0.49950376,0.011503463
0.056496553,0.006015003
0.2756642,0.0057547926
0.31749806,0.0063487985
0.2800242,0.008804066
0.07650555,0.0067609525
0.0160196,0.0087439045
0.034506775,0.0076979557
0.111844674,0.010724301
0.23290846,0.0049960627
0.631152,0.011629381
0.046093956,0.007268625
0.15849727,0.0067526414
0.4889278,0.008609946
0.013785935,0.009111437
0.10762016,0.004776061
0.31382233,0.012453248
0.615404,0.030898042
0.027612342,0.03237379
0.16419089,0.01074306
0.023836493,0.009022262
0.01917085,0.008836323
0.013804462,0.009628054
0.5114665,0.010926319
0.3104219,0.0071612494
0.013435433,0.011230944
0.014409527,0.010868289
0.16173637,0.0041636573
0.038301628,0.0061384183
0.12442681,0.00473587
0.5845971,0.017436177
0.020024067,0.015379148
0.19806428,0.0054195873
0.36615714,0.014276612
0.46121195,0.67140275
0.45198283,0.008416296
0.018315237,0.008306657
0.021360956,0.012396797
0.36144936,0.009408354
0.042964432,0.014919477
0.45962942,0.013353942
0.31919408,0.009201168
0.042135604,0.007370889
0.052837353,0.0074051097
0.14028554,0.010120041
0.021751225,0.01853328
0.1129977,0.009875159
0.03516108,0.00981161
0.23585226,0.005007366
0.27029994,0.0123623535
0.44240296,0.007763606
0.096739665,0.0045052436
0.3790861,0.011165294
0.32623184,0.005262779
0.5999157,0.019577656
0.015120783,0.011775967
0.6514159,0.012915001
0.08313942,0.004230117
0.6201455,0.012608128
0.34669435,0.10007054
0.15473121,0.017458051
0.27678823,0.085321315
0.31920174,0.031047605
0.366007,0.011692321
0.13618763,0.006432575
0.5539078,0.0130787585
0.41104662,0.04618313
0.27643588,0.059959345
0.57761335,0.010369703
0.39796084,0.016024522
0.10117434,0.010916106
0.47289532,0.00926554
0.41999075,0.01275962
0.2676598,0.019387407
0.23214683,0.00465971
0.051773563,0.0062477393
0.38006562,0.022644993
0.2953589,0.0068691396
0.030980341,0.0070466152
0.49844122,0.010126024
0.029933028,0.010475787
0.018250868,0.007881563
0.75426316,0.022817984
0.02757087,0.008774973
0.024744911,0.007067947
0.067021005,0.0050352104
0.6011861,0.016213654
0.6949782,0.025598068
0.46840045,0.024313778
0.137918,0.004455927
0.41185716,0.017785087
0.04290648,0.012330414
0.21542943,0.005787521
0.66498417,0.013667914
0.45285887,0.0077501303
0.5156785,0.010983668
0.70035475,0.019749476
0.6735429,0.0124917645
0.6214972,0.01212021
0.04601368,0.009642081
0.16215503,0.00770196
0.24834864,0.0055142352
0.09560021,0.0057300045
0.493528,0.006929192
0.6693066,0.01682684
0.025547877,0.009857267
0.48692945,0.009568343
0.3510558,0.010600863
0.40798768,0.008609603
0.50979006,0.010850843
0.08179305,0.005912672
0.08714438,0.005223514
0.7220845,0.019059224
0.42559522,0.015836492
0.4408915,0.009279987
0.59403133,0.025106916
0.014362086,0.009659765
0.7528617,0.032399554
0.7242855,0.028705498
0.07743102,0.007756285
0.47729224,0.013556244
0.024068305,0.009312806
0.017386178,0.0090438295
0.05520273,0.0043406817
0.14977828,0.003881426
0.04373678,0.0073738974
0.013069745,0.011552861
0.3504281,0.012190618
0.030528441,0.030668592
0.5219188,0.008809785
0.026638895,0.021179384
0.54290664,0.010578332
0.79728526,0.0346056
0.12472117,0.004281848
0.056200396,0.021714106
0.091237575,0.0098295035
0.19520204,0.013537757
0.19239676,0.0046527027
0.2617353,0.011012829
0.3305508,0.008360616
0.018289903,0.010147036
0.4006874,0.004798518
0.29477757,0.008388272
0.03361762,0.019930713
0.5374186,0.00769957
0.39800492,0.007072459
0.10841455,0.0038885341
0.03911603,0.007881153
0.09169977,0.005568993
0.4746569,0.007818625
0.373707,0.005600471
0.050332125,0.0064186077
0.7342334,0.02001656
0.833115,0.06528242
0.75954205,0.04415209
0.4438709,0.010562124
0.74715537,0.017573334
0.29340303,0.11653877
0.022454876,0.014259517
0.666269,0.029756377
0.8160909,0.03577706
0.23116006,0.053494107
0.4198118,0.009053502
0.26146975,0.006424498
0.190887,0.0047039813
0.061550308,0.0043295263
0.09400511,0.004513742
0.046769083,0.011372244
0.3942588,0.007851337
0.02948894,0.0103929825
0.020587407,0.0074899443
0.5807459,0.012575389
0.06492458,0.010998265
0.112525225,0.0072179874
0.031561323,0.030812087
0.08704956,0.0220952
0.050456114,0.008260364
0.12226734,0.0050566504
0.017233795,0.00738619
0.44543707,0.0101405345
0.74664533,0.027043207
0.7248461,0.05763904
0.088840015,0.0266531
0.18230018,0.00876911
0.60191894,0.016730428
0.039793454,0.024014948
0.22542965,0.0053191585
0.6060104,0.009894377
0.047851603,0.02559349
0.32872114,0.005481403
0.020697543,0.009696917
0.013365445,0.011818171
0.01785683,0.007857725
0.30348173,0.007340154
0.10587658,0.004822238
0.34571514,0.0054536723
0.4786106,0.007306322
0.18384287,0.0043530515
0.15003245,0.008101095
0.13603717,0.0050369115
0.25832844,0.021592332
0.016175114,0.008367237
0.21107301,0.005063113
0.25754198,0.0063561155
0.3128618,0.005654903
0.17232923,0.005268119
0.019274877,0.00856929
0.12973903,0.010824155
0.43552622,0.006755642
0.030925285,0.0068555493
0.500323,0.017205132
0.03042625,0.015667384
0.51641226,0.014818061
0.24201389,0.0311569
0.31798843,0.010807616
0.1258352,0.007992541
0.19857413,0.011373691
0.04610515,0.020441573
0.18687858,0.005563442
0.1502055,0.00515296
0.5619469,0.020412486
0.41371942,0.009592092
0.012955445,0.011351274
0.5560484,0.011591068
0.14095719,0.011744213
0.19081287,0.044919185
0.62770444,0.018323055
0.08999604,0.004764934
0.10888488,0.005843436
0.27813146,0.006085356
0.7479627,0.037874185
0.06462087,0.006127315
0.018948887,0.008956677
0.5319526,0.011499582
0.16180375,0.06762834
0.09496206,0.0066143335
0.33814642,0.014679889
0.16126373,0.014675331
0.054813046,0.01883919
0.4185628,0.028521463
0.0966462,0.25268432
0.6329509,0.011590083
0.061575618,0.013965464
0.31657696,0.008521812
0.67110914,0.01853845
0.047850482,0.0054204613
0.032906413,0.0066989018
0.6549705,0.011499771
0.019833637,0.015327052
0.16513143,0.0076350463
0.014325944,0.009597502
0.2102086,0.026022164
0.021577565,0.012494287
0.02186057,0.008567362
0.4352801,0.007415382
0.52504617,0.012187604
0.06696077,0.008664117
0.65552545,0.047767937
0.7804224,0.043040697
0.20830362,0.007103595
0.57379824,0.012763999
0.36375108,0.0072033913
0.09281789,0.011997026
0.07508127,0.0095479125
0.6640938,0.024330303
0.20058171,0.016692191
0.6338605,0.012115884
0.18688928,0.01399126
0.74527234,0.091856256
0.0339268,0.015665958
0.68825686,0.019153899
0.30171576,0.008418182
0.028260866,0.010529539
0.12354847,0.09227704
0.16463782,0.004530468
0.013232338,0.011789404
0.59048975,0.01247282
0.29472685,0.0064541544
0.063355304,0.0062967334
0.24234171,0.009418064
0.01865566,0.014366042
0.3101348,0.006089003
0.6983857,0.014545527
0.69842184,0.012437342
0.014778811,0.009934087
0.03716904,0.0085546775
0.025225379,0.02077194
0.42039096,0.0074633597
0.47005767,0.017493797
0.66173875,0.022826213
0.028171467,0.024889613
0.039957576,0.011521164
0.13993312,0.01151307
0.37389654,0.017748158
0.0903795,0.007964963
0.07267732,0.013685848
0.0129746115,0.010615863
0.015719969,0.011648564
0.13357058,0.0051146047
0.24418348,0.0051805824
0.06830392,0.0072715604
0.041389868,0.0077189864
0.39105675,0.01853505
0.6834164,0.037206966
0.7090573,0.03355117
0.59953177,0.0128580695
0.50275964,0.02932621
0.2738089,0.057374265
0.6985943,0.03244543
0.013205667,0.011694464
0.2584718,0.009805858
0.0200077,0.015721098
0.047023218,0.0060478803
0.015318585,0.013589947
0.20156938,0.007828415
0.069715574,0.0047557913
0.39709082,0.013500244
0.6906844,0.015920624
0.07401625,0.01705817
0.22505304,0.009444159
0.22426948,0.012115294
0.32423964,0.0062585487
0.15705527,0.005403829
0.108697094,0.004150059
0.24182926,0.0051712766
0.013185699,0.011676335
0.74252766,0.024861109
0.078435846,0.0074566826
0.17725304,0.0073164487
0.036995683,0.023083758
0.015598474,0.018064747
0.023563031,0.0075179352
0.017347582,0.008933326
0.24027358,0.0055361204
0.077819176,0.008355383
0.012001616,0.011680145
0.30790102,0.0062956386
0.22428977,0.0057398146
0.16261636,0.004604237
0.034151018,0.0066933134
0.5511869,0.009688147
0.281123,0.01732293
0.14119779,0.0076329582
0.014065122,0.00896852
0.2138436,0.0075370795
0.014826271,0.010419105
0.18514615,0.004513305
0.80587715,0.045413833
0.3900057,0.011859406
0.1533067,0.0065753222
0.071386985,0.0063498756
0.34277338,0.009402165
0.06455151,0.0054446175
0.66588473,0.0129322335
0.014693337,0.009808863
0.7081741,0.03272978
0.025013039,0.017443016
0.38026655,0.008583124
0.015670106,0.009613419
0.10225092,0.005946061
0.24605525,0.0065673594
0.017469063,0.007822007
0.24522914,0.0060230223
0.72815895,0.015760718
0.51822513,0.012181061
0.51702183,0.007236908
0.022315618,0.00616254
0.17778438,0.011051274
0.026099442,0.0140148625
0.27566597,0.012136503
0.022897094,0.011071043
0.06357158,0.009913721
0.11934537,0.00713049
0.23576921,0.13102162
0.13034205,0.004532251
0.33741435,0.0053428328
0.36746922,0.03448848
0.30802616,0.023057282
0.057858184,0.0061088717
0.2743767,0.23344508
0.16326417,0.012238018
0.037805766,0.026188767
0.42640406,0.008328946
0.17816329,0.0077058026
0.364294,0.0061152964
0.2977958,0.0053160037
0.40395615,0.0075935056
0.05752648,0.06447134
0.6791922,0.021326073
0.09878188,0.006561784
0.48167235,0.013195411
0.63119465,0.01733602
0.18556398,0.006217226
0.36478186,0.006792512
0.17831704,0.09408719
0.047303673,0.011954862
0.57580197,0.011091579
0.13035871,0.064596355
0.031766664,0.018494895
0.40654153,0.009560826
0.16380848,0.010190232
0.26954418,0.13337097
0.33977762,0.013968288
0.12517251,0.005416406
0.55457324,0.016436964
0.09957331,0.007585274
0.049252003,0.032887127
0.4521363,0.009922547
0.09185982,0.0062348447
0.02264703,0.0069141435
0.27781433,0.0072251256
0.025366995,0.008299672
0.19506143,0.0066525284
0.019586632,0.0073055783
0.01605314,0.013760344
0.730338,0.020020606
0.7965249,0.03743551
0.22210276,0.007955573
0.660102,0.011180466
0.69646454,0.024319652
0.14573385,0.005229871
0.033710115,0.009071173
0.5454586,0.0093176905
0.05694017,0.004566398
0.6008525,0.016305873
0.123324335,0.0076225195
0.108108975,0.007975701
0.022575928,0.032527346
0.22410661,0.009033669
0.043914586,0.014820616
0.53594965,0.011362828
0.02797588,0.027517598
0.039546605,0.006774405
0.41324368,0.008618118
0.43242905,0.008768708
0.06748173,0.005686678
0.021089915,0.01473397
0.7281957,0.01577033
0.35061926,0.007974728
0.022788966,0.010300073
0.24901198,0.0069005433
0.55088717,0.049984306
0.43608904,0.014086106
0.5510107,0.008958883
0.059401307,0.0056528198
0.15069298,0.0042589726
0.53112376,0.012103116
0.020502618,0.014187044
0.36538407,0.0058781113
0.28186476,0.0065437425
0.011949985,0.013511103
0.47708952,0.009442429
0.12013226,0.009840458
0.034652498,0.007964823
0.01674292,0.008961719
0.49951005,0.007583846
0.026805146,0.02377187
0.043677155,0.010654999
0.17538753,0.00772971
0.5520981,0.008476278
0.52322996,0.09311336
0.12606987,0.014597716
0.015364715,0.010977031
0.0130608305,0.010364268
0.39578986,0.031230807
0.13976999,0.0070806816
0.09680485,0.0066713383
0.6080686,0.011541073
0.4631647,0.012327853
0.82906234,0.10442021
0.2843264,0.02322642
0.045378663,0.0461156
0.5820685,0.02102745
0.520459,0.010156682
0.5896847,0.0138055915
0.119965985,0.0062618833
0.31950808,0.0058798143
0.12978373,0.00855213
0.62621814,0.024299772
0.027889822,0.0148043465
0.06672934,0.00700346
0.28566793,0.0067960024
0.038413897,0.010275937
0.04305216,0.012913676
0.02706553,0.011893624
0.13495372,0.0076580285
0.61868286,0.013881639
0.4634418,0.011839981
0.34245908,0.005838397
0.78907007,0.01993175
0.1999277,0.008422609
0.09398492,0.0056941784
0.14321579,0.0048313127
0.44751707,0.009468345
0.15850113,0.008538024
0.31153554,0.013212324
0.7264476,0.05058809
0.13932261,0.0099693565
0.46458447,0.005936177
0.017830074,0.010145207
0.018167445,0.009163486
0.5011629,0.009577661
0.3375242,0.007143029
0.08805689,0.0049487962
0.1382896,0.016664876
0.39210382,0.036560673
0.57453823,0.015053995
0.39961007,0.012173484
0.17436038,0.009179197
0.14661488,0.009263679
0.7618355,0.023940232
0.20306742,0.0060469233
0.043234322,0.0064367605
0.2827005,0.006719621
0.18142554,0.0075066728
0.03305195,0.01234569
0.3451221,0.009083995
0.28919363,0.0051002586
0.022109665,0.020111764
0.24902552,0.0048475484
0.01878345,0.011097988
0.14493781,0.0061124074
0.030193578,0.018239653
0.1715936,0.00972504
0.700687,0.017983995
0.031679064,0.009600567
0.71074003,0.023711419
0.034929253,0.0077640475
0.09486121,0.009883354
0.06855524,0.0059360643
0.081010945,0.00642206
0.060371447,0.0055139107
0.046538655,0.023323061
0.025825284,0.019363055
0.05478439,0.025340896
0.042868804,0.0077863247
0.08734529,0.0055703633
0.0853122,0.005186479
0.0175153,0.017781949
0.71612924,0.07711832
0.47167125,0.028574428
0.7452577,0.024886847
0.5639737,0.014631184
0.022617918,0.015188607
0.7788783,0.13134919
0.07315935,0.0133830365
0.5634452,0.018078271
0.018317621,0.0071483376
0.020432038,0.0135838045
0.0152558405,0.00970999
0.17467634,0.0048817047
0.0523465,0.0051117456
0.18927875,0.0048637465
0.052283257,0.0057367133
0.09790702,0.009747788
0.18318522,0.0046567786
0.19611233,0.0051183407
0.15138866,0.00516381
0.041957542,0.009759404
0.13555197,0.004439844
0.043023173,0.0046850434
0.7203576,0.02309927
0.07806979,0.0072448053
0.44733512,0.011399639
0.118510425,0.0042042416
0.4268705,0.0060785017
0.0609572,0.015378628
0.039535675,0.015795395
0.043692116,0.008453306
0.17883389,0.005801553
0.049008846,0.013527114
0.20130306,0.005453098
0.3472491,0.011403611
0.022575928,0.032527346
0.6268047,0.0141078625
0.25039265,0.0067653055
0.15167463,0.0055196295
0.4613253,0.007806909
0.015035828,0.009139803
0.12752205,0.0055131055
0.03441978,0.0080372505
0.16686296,0.0037201778
0.047627944,0.013753273
0.63190764,0.0132911485
0.13238825,0.0125670675
0.021297816,0.007417008
0.050179806,0.0055775284
0.6512818,0.029978726
0.44092005,0.028463751
0.44558933,0.009052877
0.3023798,0.006119425
0.031561323,0.030812087
0.043717716,0.0055490485
0.07114728,0.00662123
0.033791788,0.006559568
0.22841902,0.007303127
0.015616224,0.011475318
0.68500036,0.02867472
0.35002083,0.009312076
0.2988862,0.0074249664
0.28906155,0.005384803
0.749511,0.017675865
0.020909382,0.0073824464
0.020715266,0.007681085
0.05024742,0.008199853
0.2414776,0.0061555705
0.43819743,0.012552106
0.09208758,0.0068276916
0.59562194,0.011500438
0.15902129,0.007878842
0.59781206,0.01066792
0.028661637,0.013094685
0.3427144,0.0070011597
0.3997178,0.006469304
0.35773945,0.0061775493
0.08025689,0.01312725
0.13368773,0.0046487907
0.46548218,0.011173373
0.11953638,0.009653558
0.22924855,0.006969373
0.6053481,0.011134575
0.1055002,0.0076465434
0.17041694,0.008406595
0.03605695,0.0052641244
0.5786536,0.016636455
0.024490725,0.006353499
0.03576118,0.0060840445
0.42355767,0.0061889533
0.06934573,0.008835028
0.015902473,0.008350683
0.19733287,0.0065832604
0.7609294,0.02438288
0.05855725,0.0060009817
0.6930194,0.049328007
0.023762837,0.013955237
0.4433401,0.009606644
0.6009696,0.015278795
0.16216972,0.005808579
0.025371194,0.0074271285
0.43807665,0.010553869
0.065156065,0.006971783
0.5082571,0.0074816826
0.013435433,0.011230944
0.41068146,0.014744939
0.02326307,0.042163845
0.04750343,0.00825613
0.016236054,0.009154026
0.27977687,0.00527008
0.18716021,0.0051370882
0.07421831,0.0077109053
0.04573045,0.009266438
0.07669319,0.0067429966
0.034426305,0.0108974185
0.38169068,0.0073679807
0.029509757,0.010853336
0.25135347,0.0046936763
0.013291273,0.015371273
0.65763044,0.015037473
0.13168658,0.0057342905
0.37818527,0.009855163
0.5202795,0.010755264
0.109821096,0.0061188713
0.31378794,0.006994662
0.03401656,0.012802554
0.118702196,0.005100447
0.03025337,0.007360744
0.014011818,0.009786482
0.14126612,0.004772606
0.03802144,0.009800757
0.18514575,0.0058371956
0.090000235,0.004365187
0.11488673,0.013728935
0.08220504,0.005913479
0.047012523,0.0075515816
0.12151373,0.0042109545
0.0437463,0.0060976776
0.64306915,0.012686977
0.44397828,0.0067320354
0.35853857,0.010310319
0.44818938,0.017480444
0.05131943,0.0064893607
0.66847146,0.019450717
0.5910331,0.019733116
0.020419748,0.016114853
0.7239266,0.0467359
0.14163204,0.0067347432
0.57151765,0.020275798
0.10592729,0.013207326
0.5433269,0.02229606
0.054027908,0.009766715
0.5169303,0.010391712
0.63200116,0.014157723
0.028301418,0.023860082
0.6322558,0.040979292
0.29431975,0.007177344
0.21791418,0.0050065676
0.017736107,0.008261336
0.5832754,0.0140750045
0.52089196,0.008209965
0.1008137,0.003658847
0.31962392,0.0077978275
0.22465912,0.008279573
0.2956714,0.005336681
0.011938793,0.0102657
0.42665508,0.012280081
0.77444404,0.016833704
0.40667355,0.0055491854
0.77242696,0.03589751
0.14948824,0.0062925583
0.7010165,0.019810487
0.07114267,0.008277178
0.63206995,0.010077468
0.54320765,0.024173263
0.7115732,0.019587714
0.1676266,0.009764935
0.24864212,0.38169903
0.057566095,0.011247031
0.41488594,0.007211259
0.10903928,0.008255416
0.33074024,0.00747851
0.2832622,0.02734309
0.14641151,0.00525216
0.013782007,0.011268167
0.44430208,0.0049700113
0.024999978,0.017260725
0.35041094,0.0071844286
0.27330673,0.005738555
0.01931629,0.008298958
0.01685983,0.007733116
0.08152691,0.005072504
0.2548762,0.008519234
0.12503393,0.005636347
0.011778825,0.013596142
0.21814203,0.005410912
0.5354124,0.007687124
0.45984542,0.009265404
0.4245052,0.006636245
0.03110521,0.0054421597
0.50345623,0.01350081
0.04351921,0.0091594
0.36514863,0.006727949
0.18143877,0.005587296
0.04679291,0.010655205
0.66781294,0.04410001
0.061765496,0.006001411
0.50955105,0.02293662
0.2335078,0.012267768
0.22825515,0.0062097525
0.3826621,0.012442469
0.47435594,0.0069453768
0.7662779,0.023051666
0.604556,0.01208122
0.5851112,0.008996475
0.42189512,0.008219895
0.12622318,0.004116631
0.18003485,0.008681808
0.430268,0.008876803
0.39828804,0.0070115696
0.48528403,0.04305828
0.026817413,0.006247911
0.013245189,0.011240459
0.035081446,0.010338174
0.28735328,0.006000063
0.12377896,0.011942168
0.22582147,0.010761877
0.324817,0.054819997
0.12385418,0.006419076
0.059786305,0.0049742954
0.6167201,0.014363956
0.05337191,0.011248479
0.01669905,0.008282013
0.5963232,0.012583539
0.089697026,0.0065995553
0.051896773,0.007303891
0.04784073,0.013917436
0.35133082,0.013508904
0.17076522,0.0046986155
0.48206297,0.012749881
0.24204545,0.011132518
0.6162264,0.018399179
0.3449597,0.022101486
0.46592528,0.007757827
0.06675589,0.0058459523
0.23881467,0.0050385706
0.033093452,0.019364584
0.3346769,0.0075482232
0.13621782,0.022232424
0.23315689,0.025131764
0.028777774,0.018376492
0.19528648,0.016620511
0.4438928,0.023012701
0.24619974,0.06996821
0.04966507,0.037327565
0.18078795,0.049192853
0.23458113,0.00974685
0.0341732,0.007011417
0.22724442,0.042312097
0.075026326,0.0042619063
0.08883639,0.009116733
0.01995852,0.0221219
0.7925424,0.035178132
0.2746305,0.013303116
0.50306696,0.008664068
0.1858789,0.0061764778
0.40670043,0.006585849
0.21367764,0.0058900495
0.05669534,0.012296645
0.029495886,0.011437479
0.68051183,0.030239223
0.7738469,0.025554674
0.159274,0.0051578586
0.052189052,0.0060602557
0.24893011,0.007285417
0.245143,0.014087595
0.021198116,0.02189707
0.17220345,0.0038307454
0.22606294,0.011018013
0.3765467,0.007462395
0.013112259,0.009516065
0.35111153,0.0054594353
0.06781523,0.0053954343
0.01827218,0.009403178
0.1114235,0.01346685
0.14353402,0.006406128
0.49692976,0.007882832
0.14628534,0.0041580303
0.57693475,0.013240204
0.4594226,0.005498453
0.036921613,0.019354405
0.021197394,0.016791211
0.1886131,0.008544408
0.6303258,0.01669277
0.47951514,0.010498306
0.46624404,0.01258534
0.7363821,0.014152739
0.023321278,0.00901003
0.28382477,0.006106649
0.15035763,0.0061784447
0.114385724,0.026718846
0.02924304,0.007306187
0.013460395,0.011714255
0.49868864,0.01007871
0.39331698,0.026621714
0.18542735,0.0057554203
0.09161676,0.004972908
0.026406763,0.028394625
0.12985381,0.010034571
0.08313052,0.0055402094
0.12464771,0.0057861772
0.07413525,0.0042842072
0.2081083,0.006385564
0.033093452,0.019364584
0.011949985,0.013511103
0.10873507,0.008972361
0.76001596,0.033640113
0.22220367,0.01139972
0.43404496,0.0062677665
0.15398557,0.0090942755
0.20231356,0.009460866
0.13448417,0.00907252
0.16140006,0.00698908
0.025820918,0.015705086
0.25441945,0.010020077
0.22885978,0.0067791934
0.813085,0.051213257
0.30180168,0.008011751
0.18808033,0.0054176343
0.30109325,0.01105117
0.02650288,0.023385294
0.1311651,0.0074361362
0.10141219,0.012626173
0.69033533,0.018646277
0.6621032,0.011124525
0.025820918,0.015705086
0.40287822,0.008590118
0.2268051,0.0063748932
0.022936445,0.011192872
0.26777658,0.013087059
0.7176009,0.060630675
0.17970797,0.035783604
0.45234486,0.031509485
0.138801,0.0076219277
0.12076549,0.06868978
0.031325478,0.013611748
0.5255341,0.013397765
0.19708885,0.0042504277
0.1552039,0.017783538
0.2515149,0.011895732
0.32178277,0.014625013
0.18438853,0.02372344
0.025434138,0.0060828994
0.028341847,0.0073752375
0.14851442,0.004235314
0.34793752,0.008055718
0.5388325,0.017064119
0.07040109,0.010990487
0.4934625,0.0083382735
0.6493075,0.014720623
0.017856197,0.012017045
0.513391,0.008460566
0.11324818,0.004955481
0.026714545,0.026959479
0.044079352,0.0055547403
0.25469744,0.008923947
0.77182066,0.0306231
0.105828226,0.0070665213
0.3746701,0.011121719
0.10017632,0.009909472
0.24591208,0.0052286806
0.2207953,0.013223357
0.39457873,0.005899662
0.5800048,0.0110503575
0.7180976,0.02167107
0.37496388,0.019821266
0.7390016,0.032631475
0.03836147,0.009864568
0.45077795,0.0084009655
0.2518142,0.009155579
0.087619595,0.008546245
0.056298282,0.011339144
0.06803406,0.005415505
0.16702388,0.0075583393
0.36309713,0.012724792
0.4460918,0.012851286
0.011503502,0.01360058
0.013870743,0.010218479
0.8079361,0.034273494
0.24863221,0.0045168498
0.7357638,0.01785285
0.31966358,0.0047492683
0.26580593,0.006075976
0.44388726,0.0062273685
0.030255372,0.014289199
0.16122803,0.0053685717
0.21767966,0.008285429
0.089470915,0.004456331
0.63568044,0.016854536
0.039293732,0.006821454
0.41640157,0.007996153
0.022708252,0.008731873
0.7672171,0.030009191
0.0780444,0.007937803
0.3565661,0.013696724
0.23869567,0.011464229
0.31059727,0.007880083
0.5291372,0.010478574
0.11105244,0.023252243
0.15021715,0.004720622
0.7893967,0.022310048
0.10748152,0.014496806
0.011845421,0.01387818
0.02555006,0.013395017
0.5723809,0.028049428
0.20764458,0.2075984
0.22809242,0.006364976
0.01719886,0.013508534
0.05069536,0.007508185
0.2167368,0.004636333
0.016446872,0.008399877
0.12794885,0.01074148
0.3150526,0.0070537054
0.5257045,0.01266368
0.05764418,0.004336959
0.0771273,0.011438709
0.7399507,0.059956927
0.5263262,0.009430596
0.034795955,0.0050353464
0.014260248,0.00992781
0.38740382,0.0075851553
0.024537658,0.018715378
0.10819147,0.0069337115
0.06781517,0.0056899576
0.016419228,0.009079042
0.82237315,0.044786748
0.33593014,0.013156489
0.42960578,0.013802282
0.2004264,0.007307484
0.09246888,0.010612743
0.12640424,0.0036511836
0.16766755,0.032066677
0.012472632,0.012436727
0.116808966,0.007961027
0.6862156,0.011378347
0.096471556,0.004659186
0.14095205,0.0048959367
0.39774555,0.007144957
0.07999644,0.0040319534
0.6795999,0.011783383
0.052767955,0.014253753
0.0843362,0.005072937
0.021103038,0.006929336
0.07711229,0.005794653
0.016573207,0.008440701
0.32712474,0.009133798
0.0994454,0.010809329
0.033366784,0.032228444
0.5094752,0.015028422
0.05351896,0.010873524
0.037242763,0.01696005
0.16912292,0.005046089
0.36549598,0.011099259
0.041470423,0.00841367
0.23917317,0.0060453815
0.75164545,0.032451585
0.34631315,0.0069202557
0.07323819,0.005036823
0.62912714,0.017460342
0.71415395,0.028654434
0.29524544,0.040904462
0.03637965,0.008715429
0.53255886,0.014007215
0.6220297,0.019223904
0.03966279,0.023169475
0.37665293,0.010466997
0.041476212,0.038895383
0.05965054,0.011290134
0.7430578,0.032062136
0.14233315,0.006638921
0.5989746,0.011568243
0.38594073,0.0058300775
0.82036936,0.029912675
0.63771635,0.013237015
0.80205345,0.041612417
0.013027907,0.012485702
0.84689444,0.07089517
0.10895602,0.0048603406
0.3656634,0.006626746
0.26815522,0.0066316915
0.5417229,0.016496351
0.38233474,0.00787778
0.15134561,0.016874047
0.6471518,0.014875811
0.112326555,0.009427473
0.08985308,0.006746427
0.01865566,0.014366042
0.3764768,0.0053448784
0.11716556,0.019324576
0.05132856,0.0042696046
0.41591623,0.015884537
0.094965056,0.046399247
0.3597312,0.017302025
0.059852812,0.012123521
0.6230394,0.01451416
0.08537335,0.006380287
0.16556066,0.005926958
0.67997223,0.015303056
0.019242698,0.018938294
0.41119358,0.016406748
0.041929383,0.008182591
0.5173666,0.009601804
0.16317844,0.0048064943
0.76412594,0.022871051
0.03166096,0.018196791
0.6163825,0.011364537
0.048694614,0.02438685
0.7340176,0.018753242
0.5948932,0.009647574
0.06375733,0.015210061
0.24700235,0.008126076
0.018480778,0.01112993
0.015617222,0.009483698
0.027249163,0.013419956
0.020213032,0.006979069
0.14782281,0.009492441
0.08573757,0.010946849
0.09191728,0.012749498
0.13485439,0.0055044326
0.049011637,0.005902501
0.4480714,0.0073091793
0.52430767,0.009320605
0.52077097,0.009533655
0.40314555,0.006381339
0.033133753,0.009399598
0.015445111,0.008406846
0.035862416,0.010021544
0.54524237,0.008793988
0.16055323,0.004439873
0.30381787,0.005472928
0.6278055,0.026234036
0.37464464,0.007679671
0.1621591,0.0058914344
0.054866504,0.005968742
0.06854093,0.0049441676
0.05357077,0.0066327816
0.10024651,0.010813633
0.08497782,0.0057045547
0.02432312,0.007977233
0.18012482,0.007972706
0.09881993,0.0077446094
0.016562285,0.008883934
0.733969,0.016497502
0.07304686,0.017196467
0.14046739,0.005756108
0.7182178,0.011910829
0.039826155,0.009153218
0.21727353,0.005773419
0.18269849,0.007465832
0.0772907,0.0044345693
0.0635845,0.005943593
0.36892858,0.006450889
0.016522095,0.009241274
0.016493844,0.009390031
0.013899085,0.010286068
0.024418803,0.008939188
0.3110581,0.007412326
0.050653666,0.0077349707
0.7046081,0.014037667
0.39492503,0.014087522
0.020958614,0.0075617097
0.024480503,0.012713164
0.5213614,0.012885412
0.08364767,0.006196918
0.6210774,0.013272763
0.4594888,0.02057213
0.021649959,0.023979917
0.02571508,0.010503929
0.017960606,0.011047357
0.09004016,0.0060883565
0.16890264,0.006667349
0.44390914,0.008277761
0.03370768,0.0047196792
0.020337753,0.00985254
0.15436104,0.0052658753
0.6137355,0.011487653
0.693509,0.020292506
0.18094346,0.005175466
0.5207713,0.010969692
0.568717,0.009156751
0.597928,0.020825284
0.023492092,0.018470554
0.015406908,0.012742165
0.014233347,0.0194644
0.017742015,0.0077665015
0.01529246,0.009657685
0.78596675,0.025214111
0.5068678,0.0074673835
0.78019947,0.039509673
0.16575287,0.0071146414
0.5440878,0.008951105
0.25860742,0.0050269896
0.32350028,0.02034881
0.038588,0.0075199497
0.71519864,0.020786949
0.08754283,0.0065508266
0.6545967,0.016601333
0.23525959,0.0057639177
0.06465074,0.0064797886
0.3579719,0.005951041
0.020098146,0.035483282
0.012067632,0.014504602
0.5266938,0.009363199
0.48821518,0.008397014
0.12903038,0.0053611523
0.093008354,0.007406768
0.14065805,0.004574618
0.709389,0.020476688
0.70251185,0.035711378
0.14528218,0.006631346
0.17312221,0.02201807
0.78738487,0.027398678
0.5019155,0.014271661
0.7435056,0.06536972
0.19738899,0.013154817
0.07186537,0.0069849575
0.41424766,0.008440892
0.13182248,0.005863687
0.17972259,0.0049040443
0.5956974,0.013255052
0.057905234,0.0066448133
0.02093619,0.016687786
0.7303303,0.020496733
0.12966931,0.011300513
0.7752935,0.08565728
0.095720574,0.006055036
0.03290453,0.019457834
0.18753178,0.007271044
0.026980394,0.014847647
0.015880378,0.009449171
0.032687943,0.006237732
0.5372006,0.011445731
0.45305046,0.005344105
0.4632907,0.009158872
0.6252431,0.020163499
0.7799927,0.039754458
0.14543927,0.005808791
0.72068083,0.039189942
0.081168525,0.006117578
0.103051975,0.0050356975
0.22556104,0.006377893
0.01677085,0.008153757
0.32797927,0.006564299
0.06004807,0.0056826086
0.09522078,0.004657318
0.6093178,0.015572745
0.40889475,0.012919658
0.12397949,0.006125843
0.6308982,0.022122808
0.1213168,0.0047455016
0.06687565,0.019306272
0.59255284,0.029713254
0.5249398,0.007482277
0.20401989,0.0044673258
0.5923712,0.010289194
0.46502534,0.008271575
0.20451492,0.011142879
0.046146337,0.0075442526
0.10865397,0.004659283
0.42832965,0.00787173
0.05557928,0.012845377
0.06734353,0.00841766
0.33328617,0.0074400366
0.036823444,0.010581206
0.20169535,0.005367991
0.1894144,0.008526527
0.046548206,0.00706004
0.14007302,0.005820691
0.03826321,0.015209833
0.4451354,0.010704271
0.027157564,0.012033094
0.21138732,0.0059103877
0.039555494,0.014012201
0.02744477,0.006072398
0.018996404,0.0068906853
0.57477957,0.019073894
0.082748935,0.0045997133
0.017805398,0.009069219
0.33233604,0.0076960367
0.56358093,0.072185844
0.62723917,0.019498913
0.07818694,0.005603722
0.11942211,0.008021542
0.022398803,0.01047545
0.13844925,0.0071286475
0.4999323,0.014422807
0.44812602,0.007270634
0.08782925,0.005752354
0.056838002,0.0045944196
0.039231613,0.008274982
0.013764506,0.00919226
0.32399127,0.009345333
0.07628854,0.015375871
0.26660377,0.0068845176
0.019637788,0.0077745533
0.015026361,0.011685088
0.28812632,0.007167229
0.1140939,0.0043239775
0.5380586,0.010560853
0.62983155,0.017215295
0.34799922,0.0056493664
0.050002065,0.008395985
0.032413337,0.0080428105
0.2850533,0.0071045808
0.8043757,0.030772366
0.116480835,0.008872471
0.11154035,0.004851283
0.06497431,0.006281616
0.41818133,0.007192481
0.50639904,0.008609139
0.075320944,0.0056455536
0.21792233,0.021684209
0.77268684,0.02457088
0.26807243,0.005043844
0.21778804,0.009102005
0.029654603,0.022996442
0.7329496,0.016923606
0.24890393,0.0055231014
0.76334935,0.035981137
0.017339196,0.014772188
0.015828267,0.014563816
0.6387748,0.01374576
0.32171136,0.0071850787
0.15990607,0.004310746
0.16927062,0.005533464
0.23632997,0.0053020837
0.16069447,0.009248773
0.41107738,0.009311645
0.023804849,0.01932908
0.81018716,0.074692905
0.46085763,0.025200034
0.03938677,0.015611234
0.10792382,0.0045036934
