0.007394211,0,,0.9905778,1
0.01261922,0,,0.992446,1
0.006658027,0,,0.9925068,1
0.007196281,0,,0.992784,1
0.006008455,0,,0.99279743,1
0.005104834,0,,0.9932661,1
0.012534222,0,,0.99321556,1
0.006595811,0,,0.99302435,1
0.0226116,0,,0.9934042,1
0.011120428,0,,0.99270743,1
0.007980645,0,,0.9920738,1
0.006860038,0,,0.9918194,1
0.00863223,0,,0.9931953,1
0.007109053,0,,0.99353623,1
0.010968998,0,,0.991147,1
0.005725622,0,,0.99236685,1
0.03565056,0,,0.99296147,1
0.00570528,0,,0.991708,1
0.010019066,0,,0.99274194,1
0.009003871,0,,0.99253124,1
0.013412925,0,,0.9929762,1
0.014637429,0,,0.9932394,1
0.009553307,0,,0.9936976,1
0.004834298,0,,0.9904833,1
0.007649504,0,,0.99332535,1
0.009404084,0,,0.99325716,1
0.01442347,0,,0.99263257,1
0.006533357,0,,0.9932266,1
0.007026911,0,,0.99352235,1
0.007448934,0,,0.9932815,1
0.007999966,0,,0.99197394,1
0.005662372,0,,0.99338585,1
0.016205145,0,,0.99348193,1
0.005076284,0,,0.99314994,1
0.005300625,0,,0.9928416,1
0.005151657,0,,0.9932075,1
0.006459562,0,,0.99194276,1
0.00947853,0,,0.9923929,1
0.018084481,0,,0.99342006,1
0.029679751,0,,0.9925553,1
0.006965903,0,,0.9930996,1
0.008239573,0,,0.9926438,1
0.012576241,0,,0.9927168,1
0.0219833,0,,0.99256,1
0.022195164,0,,0.9933682,1
0.02776627,0,,0.9934516,1
0.017186886,0,,0.99242145,1
0.009700535,0,,0.992274,1
0.007365247,0,,0.0720753,1
0.011980104,0,,0.9919077,1
0.005387324,0,,0.99006325,1
0.051213015,0,,0.9918474,1
0.005479529,0,,0.9931512,1
0.008791392,0,,0.99258256,1
0.005236397,0,,0.99296486,1
0.034009792,0,,0.037003126,1
0.013933064,0,,0.9932799,1
0.008219428,0,,0.9928571,1
0.012669243,0,,0.9931484,1
0.009179627,0,,0.9923879,1
0.00769643,0,,0.99322236,1
0.00863636,0,,0.9926509,1
0.015504877,0,,0.9923394,1
0.023412159,0,,0.992353,1
0.025052782,0,,0.9923995,1
0.009523205,0,,0.99286276,1
0.042923864,0,,0.9895313,1
0.005062215,0,,0.9929222,1
0.038033016,0,,0.99300694,1
0.029067427,0,,0.9931572,1
0.005705096,0,,0.9923022,1
0.008022575,0,,0.9924286,1
0.009554155,0,,0.99243706,1
0.022919433,0,,0.9901363,1
0.019384021,0,,0.99246407,1
0.007820331,0,,0.99304646,1
0.005615607,0,,0.99355584,1
0.009010877,0,,0.9929765,1
0.010785387,0,,0.991886,1
0.007357885,0,,0.993113,1
0.023602068,0,,0.99325764,1
0.009217022,0,,0.99353504,1
0.0135637,0,,0.9926876,1
0.005311152,0,,0.99328774,1
0.004314299,0,,0.99299365,1
0.005450988,0,,0.99315757,1
0.05923897,0,,0.9935143,1
0.01097246,0,,0.9932494,1
0.03595752,0,,0.99311805,1
0.024450315,0,,0.97224414,1
0.010579868,0,,0.9928644,1
0.011817329,0,,0.9930004,1
0.03321869,0,,0.99315804,1
0.006872465,0,,0.99371874,1
0.011011831,0,,0.99258435,1
0.012454398,0,,0.99194497,1
0.014117575,0,,0.9896024,1
0.02189707,0,,0.99304813,1
0.016138066,0,,0.99278224,1
0.006943009,0,,0.9934371,1
0.004564818,0,,0.99214786,1
0.010385829,0,,0.9937908,1
0.025905246,0,,0.99316967,1
0.012798289,0,,0.99174553,1
0.006432325,0,,0.98923266,1
0.0461156,0,,0.99314815,1
0.012260963,0,,0.99314684,1
0.017030241,0,,0.9915073,1
0.008452131,0,,0.99062645,1
0.008393623,0,,0.9928604,1
0.009041864,0,,0.9929247,1
0.004400984,0,,0.9888031,1
0.007279561,0,,0.99269414,1
0.023520593,0,,0.99045885,1
0.012264481,0,,0.9930843,1
0.011560345,0,,0.9935486,1
0.007309058,0,,0.99314064,1
0.007290499,0,,0.9912225,1
0.010618573,0,,0.99319357,1
0.005897003,0,,0.9931009,1
0.009284907,0,,0.99217355,1
0.004587664,0,,0.9926076,1
0.02555237,0,,0.99083334,1
0.006521872,0,,0.9923626,1
0.005882781,0,,0.99099696,1
0.01387818,0,,0.99141425,1
0.007943599,0,,0.99297696,1
0.023322692,0,,0.99257255,1
0.011895099,0,,0.9931445,1
0.013467805,0,,0.99307066,1
0.009345162,0,,0.9923792,1
0.027146623,0,,0.99231356,1
0.014818506,0,,0.97998023,1
0.009540925,0,,0.9926823,1
0.012222827,0,,0.9926448,1
0.009659053,0,,0.99230534,1
0.0224225,0,,0.9923326,1
0.006973338,0,,0.99230754,1
0.008786215,0,,0.9926307,1
0.012446775,0,,0.9928053,1
0.032825712,0,,0.99155045,1
0.005806984,0,,0.9916419,1
0.011704642,0,,0.99128926,1
0.015091754,0,,0.9928678,1
0.011224137,0,,0.9932191,1
0.03561362,0,,0.9931236,1
0.02189707,0,,0.99033195,1
0.004647505,0,,0.9931318,1
0.021453742,0,,0.9931764,1
0.008477769,0,,0.9934683,1
0.021025399,0,,0.9916135,1
0.009395879,0,,0.9927597,1
0.017623302,0,,0.9926363,1
0.009107244,0,,0.9930593,1
0.023614956,0,,0.99327374,1
0.007826331,0,,0.9927983,1
0.018858645,0,,0.9912196,1
0.005865967,0,,0.9936859,1
0.030668592,0,,0.991364,1
0.06355983,0,,0.99300367,1
0.016824346,0,,0.9930114,1
0.007879875,0,,0.9930246,1
0.010066952,0,,0.99225205,1
0.008746198,0,,0.9929703,1
0.029446147,0,,0.99346066,1
0.006165298,0,,0.99304116,1
0.011614569,0,,0.9938321,1
0.018739147,0,,0.9940215,1
0.011139905,0,,0.9922093,1
0.011518547,0,,0.99004596,1
0.009262932,0,,0.9927105,1
0.028658776,0,,0.025283447,1
0.02556665,0,,0.9930912,1
0.00625924,0,,0.99343127,1
0.008115492,0,,0.99281174,1
0.005255465,0,,0.99102926,1
0.00781823,0,,0.98656356,1
0.05696249,0,,0.99188703,1
0.006229293,0,,0.99336725,1
0.009115432,0,,0.9923569,1
0.009725058,0,,0.9929803,1
0.15453677,0,,0.9923752,1
0.109755985,0,,0.9930594,1
0.019361679,0,,0.9925721,1
0.009784154,0,,0.9927921,1
0.011658932,0,,0.9935762,1
0.008156789,0,,0.99063,1
0.0051381,0,,0.9929281,1
0.00889819,0,,0.9923569,1
0.007889214,0,,0.9936599,1
0.008427553,0,,0.99351186,1
0.011995546,0,,0.99323916,1
0.007588225,0,,0.02729022,1
0.06117329,0,,0.99253464,1
0.018890006,0,,0.99240136,1
0.006361831,0,,0.99187416,1
0.006559919,0,,0.993236,1
0.026177246,0,,0.9925155,1
0.004994188,0,,0.99347985,1
0.007389103,0,,0.9932134,1
0.015914582,0,,0.9933482,1
0.023162417,0,,0.99290574,1
0.035350222,0,,0.9930769,1
0.012190538,0,,0.9929624,1
0.009099305,0,,0.9913867,1
0.007411074,0,,0.3595693,1
0.051860537,0,,0.9910499,1
0.019384956,0,,0.66375685,1
0.007110674,0,,0.9910817,1
0.009375591,0,,0.99274194,1
0.006490575,0,,0.9934443,1
0.004730351,0,,0.99300295,1
0.004692886,0,,0.99312496,1
0.006679322,0,,0.03447027,1
0.023108993,0,,0.99275076,1
0.005529989,0,,0.992443,1
0.008702474,0,,0.9928693,1
0.014869144,0,,0.99083847,1
0.007033998,0,,0.9915705,1
0.029376268,0,,0.9925108,1
0.04287206,0,,0.99015313,1
0.01063882,0,,0.9934587,1
0.008061381,0,,0.9922455,1
0.006153106,0,,0.99261296,1
0.008817449,0,,0.99049735,1
0.008375336,0,,0.9920002,1
0.013946986,0,,0.99281776,1
0.037958924,0,,0.9925287,1
0.007633037,0,,0.9932029,1
0.005709276,0,,0.9929818,1
0.012732013,0,,0.31145528,1
0.004930685,0,,0.9917059,1
0.005783944,0,,0.9929864,1
0.006243818,0,,0.99204445,1
0.006826023,0,,0.9926212,1
0.007052811,0,,0.99303955,1
0.006990305,0,,0.9927084,1
0.003678467,0,,0.99298143,1
0.06746485,0,,0.99015313,1
0.012285531,0,,0.990915,1
0.006719039,0,,0.98940533,1
0.005125659,0,,0.99321353,1
0.006454955,0,,0.9927918,1
0.045368627,0,,0.9916647,1
0.006865596,0,,0.9934162,1
0.012253632,0,,0.9931607,1
0.013760066,0,,0.992714,1
0.03338177,0,,0.9924856,1
0.006556732,0,,0.9932688,1
0.012324811,0,,0.99305725,1
0.007233815,0,,0.044412363,1
0.011809431,0,,0.99256235,1
0.010303938,0,,0.94368845,1
0.013289198,0,,0.99252856,1
0.011127568,0,,0.98780245,1
0.021393366,0,,0.99291295,1
0.110201806,0,,0.99128085,1
0.007257259,0,,0.9922518,1
0.008780624,0,,0.9922816,1
0.009985381,0,,0.99305385,1
0.012025376,0,,0.99193,1
0.015854629,0,,0.025724921,1
0.01688837,0,,0.9930896,1
0.02472704,0,,0.9930234,1
0.012341563,0,,0.99266386,1
0.011997393,0,,0.99240243,1
0.009444436,0,,0.9921361,1
0.005853905,0,,0.9923538,1
0.011469679,0,,0.9923538,1
0.00628843,0,,0.9920534,1
0.016348224,0,,0.99186933,1
0.022614082,0,,0.99015313,1
0.01551902,0,,0.9931376,1
0.006012019,0,,0.9927549,1
0.007798119,0,,0.9924694,1
0.028948784,0,,0.9925368,1
0.011281711,0,,0.99265736,1
0.011080146,0,,0.991252,1
0.011806287,0,,0.011547412,1
0.004851806,0,,0.99187964,1
0.009237188,0,,0.99283254,1
0.009028578,0,,0.99297136,1
0.007719096,0,,0.9936115,1
0.009818084,0,,0.9911436,1
0.004688876,0,,0.9939605,1
0.01873069,0,,0.99308187,1
0.010334087,0,,0.9928282,1
0.009074641,0,,0.026842488,1
0.005880988,0,,0.9916015,1
0.020826101,0,,0.99211156,1
0.022651099,0,,0.9918018,1
0.008943921,0,,0.9921564,1
0.007549567,0,,0.9922659,1
0.0066864,0,,0.9924563,1
0.005168766,0,,0.9932683,1
0.005092778,0,,0.9930595,1
0.007575055,0,,0.99312675,1
0.010646451,0,,0.9901951,1
0.008452954,0,,0.99287146,1
0.008389113,0,,0.99185175,1
0.00513115,0,,0.9919052,1
0.024391849,0,,0.99175936,1
0.008762875,0,,0.9925431,1
0.008274207,0,,0.99211746,1
0.013894929,0,,0.9922132,1
0.005702375,0,,0.9929622,1
0.004437174,0,,0.9910495,1
0.004222046,0,,0.99353117,1
0.025565665,0,,0.99281657,1
0.009625976,0,,0.97885966,1
0.007063899,0,,0.992671,1
0.008457203,0,,0.9928104,1
0.01788187,0,,0.99251914,1
0.015119817,0,,0.9924931,1
0.007258599,0,,0.99306834,1
0.010486365,0,,0.9931237,1
0.008144307,0,,0.99293923,1
0.006037562,0,,0.9918355,1
0.012554676,0,,0.99290705,1
0.01936306,0,,0.9929402,1
0.009330075,0,,0.99215126,1
0.009005514,0,,0.992694,1
0.024394006,0,,0.99290437,1
0.035829447,0,,0.9924907,1
0.010105993,0,,0.9924217,1
0.006780793,0,,0.9922855,1
0.005713027,0,,0.99304116,1
0.007226122,0,,0.99352396,1
0.023614231,0,,0.9934209,1
0.027352497,0,,0.99343216,1
0.018861903,0,,0.9926789,1
0.012169202,0,,0.99264574,1
0.00693515,0,,0.9930554,1
0.009241274,0,,0.95449173,1
0.008580823,0,,0.99278295,1
0.008875675,0,,0.9921067,1
0.006569214,0,,0.9892601,1
0.022359565,0,,0.99321437,1
0.009990345,0,,0.9929108,1
0.011674305,0,,0.99262446,1
0.012113097,0,,0.99332774,1
0.011293211,0,,0.9931369,1
0.005624526,0,,0.99284935,1
0.00775243,0,,0.9925223,1
0.012614699,0,,0.99211204,1
0.007558554,0,,0.99231684,1
0.011581915,0,,0.993328,1
0.01024484,0,,0.99336666,1
0.008794067,0,,0.021168413,1
0.007420793,0,,0.99343973,1
0.009440025,0,,0.9920848,1
0.022999454,0,,0.9935324,1
0.005789472,0,,0.9925839,1
0.010621444,0,,0.99275595,1
0.047739536,0,,0.9934329,1
0.005154748,0,,0.9928525,1
0.004154105,0,,0.9923281,1
0.007755827,0,,0.9915182,1
0.004949345,0,,0.992687,1
0.014571962,0,,0.99295676,1
0.007579128,0,,0.99243075,1
0.007911138,0,,0.99240816,1
0.007835438,0,,0.03744808,1
0.010217263,0,,0.9929223,1
0.009131805,0,,0.021541318,1
0.005350207,0,,0.99223655,1
0.006387183,0,,0.9876202,1
0.026986528,0,,0.9911045,1
0.019260596,0,,0.016775623,1
0.004931731,0,,0.99096644,1
0.018398702,0,,0.99306726,1
0.004958569,0,,0.98896956,1
0.005377639,0,,0.9896674,1
0.005915464,0,,0.9918914,1
0.007305167,0,,0.9904822,1
0.020627689,0,,0.9911169,1
0.009456948,0,,0.98890847,1
0.009501084,0,,0.99148774,1
0.006026517,0,,0.046566494,1
0.011226757,0,,0.9932248,1
0.007081983,0,,0.9933989,1
0.008212047,0,,0.992155,1
0.030438319,0,,0.9917768,1
0.10299769,0,,0.9915394,1
0.013113746,0,,0.99316204,1
0.004733675,0,,0.9924075,1
0.006958018,0,,0.98975706,1
0.012174964,0,,0.993618,1
0.007514691,0,,0.99206513,1
0.027807338,0,,0.9924158,1
0.008288772,0,,0.9923447,1
0.008847355,0,,0.9921159,1
0.006239044,0,,0.992597,1
0.009096825,0,,0.99309444,1
0.026141103,0,,0.9926353,1
0.007605499,0,,0.99327916,1
0.02547821,0,,0.9929416,1
0.025047531,0,,0.9917536,1
0.007617889,0,,0.9928839,1
0.038088925,0,,0.992983,1
0.005413037,0,,0.99223834,1
0.008775968,0,,0.9929374,1
0.010800491,0,,0.99230474,1
0.007091411,0,,0.9929997,1
0.007296566,0,,0.99332136,1
0.009030485,0,,0.99241734,1
0.00896919,0,,0.99330467,1
0.01179829,0,,0.9935416,1
0.003906094,0,,0.9926339,1
0.009666136,0,,0.9924265,1
0.014381734,0,,0.9924582,1
0.01553609,0,,0.9920053,1
0.031269107,0,,0.991926,1
0.004981998,0,,0.9924359,1
0.013647525,0,,0.99286604,1
0.005931873,0,,0.99298793,1
0.005957204,0,,0.99302787,1
0.05669621,0,,0.99226874,1
0.010966877,0,,0.9923503,1
0.003920506,0,,0.9927452,1
0.010322364,0,,0.9927248,1
0.009796893,0,,0.9923005,1
0.006034315,0,,0.9924084,1
0.006123229,0,,0.9919584,1
0.005178642,0,,0.99014705,1
0.022195164,0,,0.9922857,1
0.005171493,0,,0.9924481,1
0.015749006,0,,0.9901484,1
0.004476031,0,,0.99066204,1
0.005958631,0,,0.99251705,1
0.014023965,0,,0.99087954,1
0.011975731,0,,0.99291795,1
0.010662033,0,,0.9931906,1
0.00536765,0,,0.9918858,1
0.009816933,0,,0.9928669,1
0.011366396,0,,0.99287146,1
0.012566675,0,,0.99313366,1
0.007098371,0,,0.9918475,1
0.012190159,0,,0.99338526,1
0.011020029,0,,0.99202675,1
0.03454656,0,,0.99201983,1
0.0381888,0,,0.9933913,1
0.0499506,0,,0.99232215,1
0.007754444,0,,0.9916728,1
0.007091797,0,,0.9932255,1
0.013049507,0,,0.99235654,1
0.006656214,0,,0.9932341,1
0.015341553,0,,0.99240667,1
0.015020666,0,,0.99258584,1
0.006461656,0,,0.9919844,1
0.00714741,0,,0.9897259,1
0.006931656,0,,0.98421985,1
0.004431997,0,,0.9925027,1
0.007587708,0,,0.9933616,1
0.006580825,0,,0.9913446,1
0.011742022,0,,0.9930356,1
0.010972921,0,,0.9924446,1
0.006497501,0,,0.9924085,1
0.028669853,0,,0.99346656,1
0.017386073,0,,0.99188375,1
0.022865377,0,,0.99216473,1
0.01593119,0,,0.9935226,1
0.008193336,0,,0.9936923,1
0.034175754,0,,0.99244773,1
0.008303196,0,,0.99114764,1
0.035730578,0,,0.99153847,1
0.004819109,0,,0.99352264,1
0.02057366,0,,0.9929086,1
0.01771049,0,,0.011727942,1
0.015205191,0,,0.01054827,1
0.009191492,0,,0.99327224,1
0.006845,0,,0.9926502,1
0.016282836,0,,0.9931712,1
0.004561476,0,,0.9924688,1
0.007814176,0,,0.99263775,1
0.008179868,0,,0.9929463,1
0.009492601,0,,0.99358785,1
0.005814527,0,,0.992859,1
0.017598338,0,,0.9928907,1
0.00615166,0,,0.9929779,1
0.009864339,0,,0.9933616,1
0.005065244,0,,0.99299365,1
0.015336656,0,,0.98597914,1
0.004278528,0,,0.6357888,1
0.009102658,0,,0.9924374,1
0.021443654,0,,0.9919436,1
0.013615853,0,,0.9924871,1
0.009598621,0,,0.99047744,1
0.009153218,0,,0.04128748,1
0.010152776,0,,0.9924861,1
0.02280713,0,,0.9925863,1
0.005815392,0,,0.99055976,1
0.009531466,0,,0.9922706,1
0.005367355,0,,0.99291176,1
0.017712614,0,,0.9923741,1
0.011934349,0,,0.99266547,1
0.011834732,0,,0.9902104,1
0.007619757,0,,0.9915352,1
0.016279034,0,,0.99220544,1
0.01035881,0,,0.9919321,1
0.004342665,0,,0.9931815,1
0.0115954,0,,0.9930496,1
0.008533617,0,,0.9903964,1
0.014541988,0,,0.9928827,1
0.007185238,0,,0.9919194,1
0.004808609,0,,0.9929236,1
0.007937559,0,,0.9927926,1
0.005172732,0,,0.99307007,1
0.008612331,0,,0.9931636,1
0.019590154,0,,0.993087,1
0.01876668,0,,0.9272093,1
0.007940307,0,,0.9934772,1
0.005513173,0,,0.9934204,1
0.011155043,0,,0.99078596,1
0.004334423,0,,0.9930314,1
0.019381398,0,,0.9909247,1
0.059278168,0,,0.99232715,1
0.004984386,0,,0.9931993,1
0.007223511,0,,0.99370253,1
0.005777471,0,,0.99234104,1
0.004023403,0,,0.99301964,1
0.005849253,0,,0.99204046,1
0.010150443,0,,0.9926804,1
0.006158115,0,,0.991899,1
0.006826615,0,,0.98863107,1
0.006855309,0,,0.9928092,1
0.010297326,0,,0.9920472,1
0.009411336,0,,0.9922236,1
0.011889361,0,,0.99352974,1
0.006983909,0,,0.99294984,1
0.004264379,0,,0.9934721,1
0.006600963,0,,0.9933084,1
0.012429297,0,,0.99357384,1
0.008554415,0,,0.9924219,1
0.009790448,0,,0.99330103,1
0.006970159,0,,0.99337417,1
0.005566706,0,,0.9932352,1
0.01133793,0,,0.9931057,1
0.012860007,0,,0.9924516,1
0.013703173,0,,0.9936387,1
0.005713222,0,,0.99325,1
0.018164426,0,,0.9932139,1
0.010102267,0,,0.9932028,1
0.008844621,0,,0.9935148,1
0.01757978,0,,0.9928518,1
0.005649366,0,,0.9933733,1
0.007409569,0,,0.9929093,1
0.004540179,0,,0.050492745,1
0.00588898,0,,0.9928919,1
0.009173314,0,,0.9927826,1
0.007344745,0,,0.9931938,1
0.011092871,0,,0.99030054,1
0.013831338,0,,0.9930548,1
0.005747306,0,,0.99281865,1
0.016791211,0,,0.9933195,1
0.028101787,0,,0.9932985,1
0.010039617,0,,0.99337184,1
0.008776196,0,,0.99245936,1
0.007498314,0,,0.991471,1
0.017284287,0,,0.99261236,1
0.011751289,0,,0.992765,1
0.011820565,0,,0.9931977,1
0.010795062,0,,0.99337125,1
0.007995166,0,,0.9924238,1
0.016529122,0,,0.99326456,1
0.009095676,0,,0.992155,1
0.006849072,0,,0.99196094,1
0.035213843,0,,0.99268895,1
0.017429708,0,,0.903193,1
0.045470174,0,,0.9913231,1
0.004652128,0,,0.9930862,1
0.015615346,0,,0.9912997,1
0.007250377,0,,0.9929766,1
0.006211871,0,,0.99334854,1
0.005665472,0,,0.992057,1
0.010486231,0,,0.9920214,1
0.01867678,0,,0.99096525,1
0.006174646,0,,0.99293995,1
0.00483523,0,,0.993439,1
0.008651438,0,,0.99299675,1
0.02058631,0,,0.9934229,1
0.009773459,0,,0.9927483,1
0.00470389,0,,0.99329937,1
0.005301331,0,,0.9929444,1
0.008368907,0,,0.99350256,1
0.007678861,0,,0.9922341,1
0.012721757,0,,0.9935241,1
0.005310004,0,,0.99310315,1
0.033209123,0,,0.9925593,1
0.005211852,0,,0.9905528,1
0.010177677,0,,0.16530806,1
0.009836983,0,,0.99180824,1
0.05430878,0,,0.9920912,1
0.009497544,0,,0.98853403,1
0.009571082,0,,0.013515272,1
0.006180811,0,,0.99259734,1
0.015121202,0,,0.9932734,1
0.011924716,0,,0.99175924,1
0.02189707,0,,0.9925684,1
0.009515895,0,,0.99307996,1
0.009956432,0,,0.99289966,1
0.0100231,0,,0.9915058,1
0.005736923,0,,0.9928918,1
0.019025775,0,,0.8545123,1
0.017909996,0,,0.9892564,1
0.007679744,0,,0.90701205,1
0.006647584,0,,0.99118173,1
0.005002659,0,,0.9919064,1
0.006614258,0,,0.992144,1
0.009472005,0,,0.99354196,1
0.01148853,0,,0.99275815,1
0.007946665,0,,0.9930617,1
0.009840541,0,,0.9916204,1
0.004195758,0,,0.9933129,1
0.015799444,0,,0.993189,1
0.011601068,0,,0.9923266,1
0.015140004,0,,0.55010444,1
0.009811836,0,,0.64225644,1
0.006651753,0,,0.77022594,1
0.009702936,0,,0.6652477,1
0.007531257,0,,0.99255484,1
0.03699656,0,,0.9934546,1
0.01126423,0,,0.9928074,1
0.014347613,0,,0.9929724,1
0.033752855,0,,0.9895437,1
0.009565216,0,,0.9913747,1
0.01966288,0,,0.9912674,1
0.017399583,0,,0.99185115,1
0.004798862,0,,0.9926466,1
0.010837407,0,,0.9930997,1
0.016021065,0,,0.9929173,1
0.005520287,0,,0.99222374,1
0.009657685,0,,0.9933507,1
0.013316781,0,,0.99304914,1
0.006529118,0,,0.9936446,1
0.007774222,0,,0.9927126,1
0.049154695,0,,0.9921639,1
0.005021393,0,,0.99305713,1
0.006974943,0,,0.99291635,1
0.008388414,0,,0.9922638,1
0.004968634,0,,0.017701484,1
0.020714981,0,,0.99075073,1
0.005576619,0,,0.9856908,1
0.007099376,0,,0.019651158,1
0.007526818,0,,0.99195415,1
0.008166184,0,,0.9927719,1
0.012538943,0,,0.99256223,1
0.004294683,0,,0.99117213,1
0.007777971,0,,0.9907155,1
0.005059782,0,,0.9923848,1
0.009956822,0,,0.99177814,1
0.021954251,0,,0.98950666,1
0.03729224,0,,0.9916745,1
0.004850015,0,,0.99059594,1
0.006077822,0,,0.030367354,1
0.005687818,0,,0.9874992,1
0.007497806,0,,0.9918492,1
0.00494398,0,,0.9933062,1
0.005841863,0,,0.9929214,1
0.008311313,0,,0.9933304,1
0.037043307,0,,0.992967,1
0.022734322,0,,0.992875,1
0.009051286,0,,0.99314827,1
0.01061701,0,,0.9933227,1
0.017071038,0,,0.9936859,1
0.00851511,0,,0.99344397,1
0.007200602,0,,0.9918657,1
0.007516598,0,,0.9928213,1
0.005767887,0,,0.9930662,1
0.010082717,0,,0.99320674,1
0.018148633,0,,0.99199635,1
0.042326428,0,,0.9926887,1
0.009620937,0,,0.9926582,1
0.00699759,0,,0.99296814,1
0.009810554,0,,0.9918783,1
0.010580637,0,,0.99055886,1
0.017794304,0,,0.99276125,1
0.020447064,0,,0.99298453,1
0.010341374,0,,0.9934803,1
0.009824344,0,,0.99289083,1
0.006222826,0,,0.9908524,1
0.009882711,0,,0.9934216,1
0.009730075,0,,0.9935482,1
0.1659696,0,,0.99307173,1
0.009730455,0,,0.99102294,1
0.012480146,0,,0.99294597,1
0.005509211,0,,0.9914259,1
0.007702577,0,,0.99156004,1
0.011906397,0,,0.9922003,1
0.041277386,0,,0.993364,1
0.019935016,0,,0.9929253,1
0.008770524,0,,0.99304384,1
0.010228346,0,,0.99251986,1
0.007056181,0,,0.9929703,1
0.006351663,0,,0.99317473,1
0.018291693,0,,0.9930462,1
0.009546189,0,,0.9917637,1
0.006904891,0,,0.99234915,1
0.0063196,0,,0.06534279,1
0.005649366,0,,0.99295664,1
0.009228643,0,,0.016939178,1
0.03824761,0,,0.98980534,1
0.020706102,0,,0.992902,1
0.007212745,0,,0.99322426,1
0.007202586,0,,0.9933744,1
0.0070601,0,,0.99131036,1
0.012837979,0,,0.9930835,1
0.0181857,0,,0.99312407,1
0.008166269,0,,0.99314064,1
0.006818424,0,,0.99283385,1
0.005720781,0,,0.99312145,1
0.011679765,0,,0.98581356,1
0.014247116,0,,0.99253684,1
0.0271945,0,,0.9928127,1
0.006128334,0,,0.990144,1
0.00916925,0,,0.99340594,1
0.009861616,0,,0.99188226,1
0.029347865,0,,0.9933227,1
0.006037716,0,,0.99380314,1
0.004854795,0,,0.9909994,1
0.009603582,0,,0.9935042,1
0.008284579,0,,0.9929807,1
0.008907687,0,,0.9935768,1
0.007157541,0,,0.99304235,1
0.032370806,0,,0.9928556,1
0.007904008,0,,0.9929472,1
0.006720277,0,,0.989953,1
0.051652357,0,,0.99363446,1
0.03289604,0,,0.9926507,1
0.008130237,0,,0.9928685,1
0.00604521,0,,0.9930714,1
0.021744004,0,,0.9927643,1
0.010827189,0,,0.9921002,1
0.009032879,0,,0.992558,1
0.010557351,0,,0.99168915,1
0.007336264,0,,0.9776889,1
0.004706025,0,,0.9936382,1
0.004990193,0,,0.9929965,1
0.010246885,0,,0.9924077,1
0.025399767,0,,0.9929997,1
0.017377194,0,,0.99297005,1
0.030394578,0,,0.9920168,1
0.018330522,0,,0.98753047,1
0.007126836,0,,0.98423463,1
0.005100796,0,,0.99163437,1
0.004176168,0,,0.99317205,1
0.009557778,0,,0.9934494,1
0.02737343,0,,0.9854328,1
0.009195697,0,,0.99223363,1
0.008804902,0,,0.9922334,1
0.010629008,0,,0.23382439,1
0.015126444,0,,0.9915161,1
0.009474922,0,,0.99225134,1
0.01736868,0,,0.9919858,1
0.005901281,0,,0.13869615,1
0.012088114,0,,0.9922792,1
0.010336871,0,,0.99367803,1
0.010209132,0,,0.9925327,1
0.01205478,0,,0.9933415,1
0.03667632,0,,0.9932312,1
0.015037677,0,,0.99327105,1
0.006530999,0,,0.99247545,1
0.014332652,0,,0.99248743,1
0.008922526,0,,0.99338984,1
0.019643815,0,,0.99260145,1
0.011215434,0,,0.9921163,1
0.008092811,0,,0.9925087,1
0.02329814,0,,0.99058586,1
0.011748204,0,,0.9916332,1
0.009547764,0,,0.992458,1
0.005034642,0,,0.9937157,1
0.024001775,0,,0.9933708,1
0.062486056,0,,0.9924292,1
0.02338872,0,,0.9922321,1
0.037107572,0,,0.9933248,1
0.03352171,0,,0.9934814,1
0.005636809,0,,0.9931805,1
0.011236204,0,,0.99303365,1
0.012425265,0,,0.9932903,1
0.016960582,0,,0.99135584,1
0.015227634,0,,0.99343055,1
0.019141799,0,,0.9916073,1
0.010828833,0,,0.99264765,1
0.006903652,0,,0.9931131,1
0.027588991,0,,0.992664,1
0.008907216,0,,0.9922897,1
0.012212394,0,,0.9921886,1
0.009797213,0,,0.9922369,1
0.010162998,0,,0.99026906,1
0.006677994,0,,0.9920378,1
0.016574398,0,,0.99175656,1
0.007782201,0,,0.9898185,1
0.006692287,0,,0.9854549,1
0.00567687,0,,0.99198323,1
0.010667125,0,,0.99227434,1
0.006880717,0,,0.99045885,1
0.01022559,0,,0.99189454,1
0.004507469,0,,0.9925956,1
0.00966101,0,,0.99059695,1
0.008229495,0,,0.9931283,1
0.007641686,0,,0.9935121,1
0.013847777,0,,0.9927285,1
0.008271257,0,,0.9916079,1
0.016169438,0,,0.9924583,1
0.011894924,0,,0.9923022,1
0.00485226,0,,0.9925442,1
0.010977713,0,,0.99172205,1
0.016275782,0,,0.993321,1
0.012278074,0,,0.99237716,1
0.012541565,0,,0.99293995,1
0.005524521,0,,0.9929548,1
0.010575817,0,,0.99280643,1
0.013272576,0,,0.99251115,1
0.006541176,0,,0.9933257,1
0.01073176,0,,0.9921814,1
0.011952997,0,,0.99328256,1
0.008200455,0,,0.99326587,1
0.005224796,0,,0.9928498,1
0.008116789,0,,0.9920133,1
0.014195669,0,,0.9933187,1
0.009309468,0,,0.9928598,1
0.028250294,0,,0.99257773,1
0.004668536,0,,0.9929938,1
0.011694333,0,,0.9932414,1
0.009832938,0,,,
0.0058392,0,,,
0.011914747,0,,,
0.01434435,0,,,
0.025209233,0,,,
0.011654631,0,,,
0.034363024,0,,,
0.5046277,0,,,
0.013954857,0,,,
0.010654003,0,,,
0.010788179,0,,,
0.015685676,0,,,
0.018811828,0,,,
0.009875625,0,,,
0.029378166,0,,,
0.005209314,0,,,
0.006264762,0,,,
0.006371811,0,,,
0.008859234,0,,,
0.007317369,0,,,
0.008187623,0,,,
0.006638993,0,,,
0.008781383,0,,,
0.004416837,0,,,
0.006883813,0,,,
0.007144886,0,,,
0.008621362,0,,,
0.005792393,0,,,
0.005067405,0,,,
0.009221111,0,,,
0.005332415,0,,,
0.004493151,0,,,
0.008199539,0,,,
0.013406971,0,,,
0.009327563,0,,,
0.013807502,0,,,
0.014947872,0,,,
0.004579567,0,,,
0.017791804,0,,,
0.010759968,0,,,
0.007480843,0,,,
0.011887994,0,,,
0.030668592,0,,,
0.009193946,0,,,
0.011496547,0,,,
0.010231388,0,,,
0.00581705,0,,,
0.006850454,0,,,
0.011023968,0,,,
0.005447975,0,,,
0.009472331,0,,,
0.011720052,0,,,
0.0103541,0,,,
0.013206841,0,,,
0.031490188,0,,,
0.012830868,0,,,
0.004279052,0,,,
0.006385059,0,,,
0.006107459,0,,,
0.007038319,0,,,
0.009974436,0,,,
0.006940097,0,,,
0.004694061,0,,,
0.009838669,0,,,
0.005154217,0,,,
0.007223939,0,,,
0.005743187,0,,,
0.014249566,0,,,
0.006258422,0,,,
0.010434928,0,,,
0.006644536,0,,,
0.005918639,0,,,
0.004489474,0,,,
0.008904652,0,,,
0.01403667,0,,,
0.004960122,0,,,
0.012386993,0,,,
0.004403116,0,,,
0.007126704,0,,,
0.004231785,0,,,
0.005926654,0,,,
0.011433468,0,,,
0.009807529,0,,,
0.018699884,0,,,
0.008278368,0,,,
0.008919988,0,,,
0.009499464,0,,,
0.010571576,0,,,
0.006396507,0,,,
0.010578131,0,,,
0.004779725,0,,,
0.005490928,0,,,
0.007894456,0,,,
0.005499381,0,,,
0.008203162,0,,,
0.005537262,0,,,
0.006188103,0,,,
0.006801316,0,,,
0.010008646,0,,,
0.013076568,0,,,
0.009734955,0,,,
0.050847325,0,,,
0.005388096,0,,,
0.051236115,0,,,
0.027251387,0,,,
0.011103636,0,,,
0.014502421,0,,,
0.30838305,0,,,
0.022662196,0,,,
0.04416865,0,,,
0.015981056,0,,,
0.013097199,0,,,
0.009008421,0,,,
0.009470725,0,,,
0.03796806,0,,,
0.040276892,0,,,
0.038972255,0,,,
0.010236459,0,,,
0.008885462,0,,,
0.007672072,0,,,
0.007631484,0,,,
0.010964545,0,,,
0.007471764,0,,,
0.009914536,0,,,
0.030333944,0,,,
0.007120596,0,,,
0.01491872,0,,,
0.007729465,0,,,
0.015731342,0,,,
0.004881358,0,,,
0.03420107,0,,,
0.008856316,0,,,
0.007431932,0,,,
0.011195617,0,,,
0.010403886,0,,,
0.005462317,0,,,
0.008748903,0,,,
0.007072777,0,,,
0.06485224,0,,,
0.046193648,0,,,
0.004973205,0,,,
0.008439472,0,,,
0.013046755,0,,,
0.006363622,0,,,
0.011021687,0,,,
0.013349984,0,,,
0.008308884,0,,,
0.007940642,0,,,
0.007892985,0,,,
0.012188092,0,,,
0.00677418,0,,,
0.009942538,0,,,
0.011028836,0,,,
0.007070845,0,,,
0.022283323,0,,,
0.011625469,0,,,
0.009060212,0,,,
0.031221613,0,,,
0.012747685,0,,,
0.005885185,0,,,
0.007641494,0,,,
0.004851636,0,,,
0.02189707,0,,,
0.005917203,0,,,
0.004664629,0,,,
0.011542776,0,,,
0.005842445,0,,,
0.01967578,0,,,
0.006569858,0,,,
0.007671322,0,,,
0.030735226,0,,,
0.006207204,0,,,
0.00658783,0,,,
0.01734651,0,,,
0.01004641,0,,,
0.009888754,0,,,
0.008505575,0,,,
0.009596841,0,,,
0.010593824,0,,,
0.03878004,0,,,
0.011078495,0,,,
0.02824239,0,,,
0.007478223,0,,,
0.008525084,0,,,
0.014832366,0,,,
0.012418469,0,,,
0.013213226,0,,,
0.006634479,0,,,
0.005933246,0,,,
0.004603957,0,,,
0.009759238,0,,,
0.012185073,0,,,
0.006320758,0,,,
0.006577191,0,,,
0.016058309,0,,,
0.007060615,0,,,
0.011184332,0,,,
0.006267841,0,,,
0.010465886,0,,,
0.022039957,0,,,
0.005874006,0,,,
0.00866132,0,,,
0.012015171,0,,,
0.008068168,0,,,
0.008003418,0,,,
0.00919985,0,,,
0.011093703,0,,,
0.010431754,0,,,
0.009588763,0,,,
0.008172513,0,,,
0.004610741,0,,,
0.017632954,0,,,
0.0712366,0,,,
0.024678597,0,,,
0.004940547,0,,,
0.005736273,0,,,
0.010696185,0,,,
0.008532112,0,,,
0.016587079,0,,,
0.006367953,0,,,
0.012414054,0,,,
0.009045822,0,,,
0.007293582,0,,,
0.009123948,0,,,
0.006437657,0,,,
0.074902445,0,,,
0.004395768,0,,,
0.006441916,0,,,
0.009168379,0,,,
0.008066622,0,,,
0.009689433,0,,,
0.017329693,0,,,
0.011722782,0,,,
0.009847741,0,,,
0.014010752,0,,,
0.006189801,0,,,
0.007790227,0,,,
0.028702423,0,,,
0.008108167,0,,,
0.014665957,0,,,
0.00871005,0,,,
0.007849261,0,,,
0.010273925,0,,,
0.01936306,0,,,
0.011586719,0,,,
0.015825298,0,,,
0.021851283,0,,,
0.010383321,0,,,
0.004488434,0,,,
0.009172755,0,,,
0.01922241,0,,,
0.010718429,0,,,
0.008166702,0,,,
0.008448203,0,,,
0.011693401,0,,,
0.022919433,0,,,
0.034226153,0,,,
0.012080669,0,,,
0.010752045,0,,,
0.009161719,0,,,
0.00890887,0,,,
0.007205744,0,,,
0.01159528,0,,,
0.009460442,0,,,
0.011641643,0,,,
0.016836671,0,,,
0.006241664,0,,,
0.009238899,0,,,
0.05360857,0,,,
0.007860287,0,,,
0.004689029,0,,,
0.005794417,0,,,
0.011857242,0,,,
0.004119001,0,,,
0.015930668,0,,,
0.006898335,0,,,
0.3814528,0,,,
0.014397112,0,,,
0.004483861,0,,,
0.006560659,0,,,
0.00713484,0,,,
0.015560747,0,,,
0.00596208,0,,,
0.009351851,0,,,
0.00475372,0,,,
0.026651306,0,,,
0.006261491,0,,,
0.008201467,0,,,
0.063820735,0,,,
0.012155865,0,,,
0.007023605,0,,,
0.008474851,0,,,
0.042101715,0,,,
0.008583372,0,,,
0.007034454,0,,,
0.006935603,0,,,
0.008716225,0,,,
0.007477187,0,,,
0.005389163,0,,,
0.008979159,0,,,
0.018969841,0,,,
0.007118152,0,,,
0.007433539,0,,,
0.01214126,0,,,
0.043034937,0,,,
0.00773121,0,,,
0.006467343,0,,,
0.01399553,0,,,
0.011434644,0,,,
0.014578871,0,,,
0.009112888,0,,,
0.007566416,0,,,
0.006162246,0,,,
0.004946249,0,,,
0.007114082,0,,,
0.008613936,0,,,
0.00655661,0,,,
0.006228413,0,,,
0.018709932,0,,,
0.010742073,0,,,
0.010944185,0,,,
0.009484584,0,,,
0.007367249,0,,,
0.006328139,0,,,
0.010608148,0,,,
0.006010498,0,,,
0.017242664,0,,,
0.011379789,0,,,
0.013807267,0,,,
0.007479664,0,,,
0.011998287,0,,,
0.017776044,0,,,
0.022975683,0,,,
0.032370806,0,,,
0.00734356,0,,,
0.011802271,0,,,
0.019673793,0,,,
0.008976508,0,,,
0.010674933,0,,,
0.007795017,0,,,
0.009036555,0,,,
0.020634566,0,,,
0.008912176,0,,,
0.006368357,0,,,
0.006123577,0,,,
0.01181199,0,,,
0.015274233,0,,,
0.033123128,0,,,
0.024379324,0,,,
0.039789487,0,,,
0.005786046,0,,,
0.03149083,0,,,
0.016829869,0,,,
0.007475184,0,,,
0.007516619,0,,,
0.009989807,0,,,
0.008777362,0,,,
0.010033207,0,,,
0.015590832,0,,,
0.012983372,0,,,
0.006176448,0,,,
0.03036244,0,,,
0.006147341,0,,,
0.007477569,0,,,
0.0066376,0,,,
0.006921475,0,,,
0.012252789,0,,,
0.009747898,0,,,
0.00643623,0,,,
0.006916911,0,,,
0.009818602,0,,,
0.007208583,0,,,
0.010255855,0,,,
0.006771185,0,,,
0.00518517,0,,,
0.019200718,0,,,
0.014522499,0,,,
0.011592204,0,,,
0.004611592,0,,,
0.004410997,0,,,
0.02083051,0,,,
0.013416302,0,,,
0.004411141,0,,,
0.011110277,0,,,
0.007991781,0,,,
0.009891949,0,,,
0.009270404,0,,,
0.015093425,0,,,
0.009085231,0,,,
0.005473432,0,,,
0.01040154,0,,,
0.011277057,0,,,
0.008874677,0,,,
0.010069666,0,,,
0.01681523,0,,,
0.049151476,0,,,
0.016338795,0,,,
0.011555699,0,,,
0.013792386,0,,,
0.024450371,0,,,
0.008330726,0,,,
0.13835223,0,,,
0.028519435,0,,,
0.012893863,0,,,
0.005576381,0,,,
0.004722641,0,,,
0.009232023,0,,,
0.005315124,0,,,
0.008052274,0,,,
0.00886279,0,,,
0.00754916,0,,,
0.006232399,0,,,
0.02225883,0,,,
0.013726457,0,,,
0.005098202,0,,,
0.010447403,0,,,
0.005209963,0,,,
0.006652223,0,,,
0.004986546,0,,,
0.029633665,0,,,
0.031417415,0,,,
0.006280994,0,,,
0.008671726,0,,,
0.02240116,0,,,
0.007193264,0,,,
0.013093225,0,,,
0.017660208,0,,,
0.013541254,0,,,
0.021651484,0,,,
0.00487953,0,,,
0.04364355,0,,,
0.04849788,0,,,
0.01494491,0,,,
0.020110082,0,,,
0.023959836,0,,,
0.010343987,0,,,
0.007031904,0,,,
0.007010368,0,,,
0.010314981,0,,,
0.020985337,0,,,
0.006391736,0,,,
0.006554697,0,,,
0.01693062,0,,,
0.011166268,0,,,
0.005968063,0,,,
0.006229387,0,,,
0.005565099,0,,,
0.007153219,0,,,
0.004566782,0,,,
0.005365924,0,,,
0.00522627,0,,,
0.009906914,0,,,
0.023246158,0,,,
0.006812395,0,,,
0.009925757,0,,,
0.007022693,0,,,
0.006114929,0,,,
0.013271626,0,,,
0.006754999,0,,,
0.004574807,0,,,
0.01470304,0,,,
0.007731773,0,,,
0.005825138,0,,,
0.02093363,0,,,
0.005253003,0,,,
0.01067171,0,,,
0.023126293,0,,,
0.011470944,0,,,
0.005459945,0,,,
0.007045267,0,,,
0.004142412,0,,,
0.008699222,0,,,
0.009119012,0,,,
0.006571884,0,,,
0.009322648,0,,,
0.006259403,0,,,
0.004434856,0,,,
0.006498458,0,,,
0.010344654,0,,,
0.008504368,0,,,
0.015199215,0,,,
0.011807438,0,,,
0.012519311,0,,,
0.007073537,0,,,
0.004597406,0,,,
0.010336174,0,,,
0.005231002,0,,,
0.01738081,0,,,
0.006341743,0,,,
0.004627895,0,,,
0.023883188,0,,,
0.02189707,0,,,
0.005042078,0,,,
0.00833711,0,,,
0.017005704,0,,,
0.005017747,0,,,
0.006164287,0,,,
0.006915585,0,,,
0.00503184,0,,,
0.009658414,0,,,
0.005372224,0,,,
0.008223756,0,,,
0.010473099,0,,,
0.008348642,0,,,
0.02703595,0,,,
0.009977859,0,,,
0.015894469,0,,,
0.010999204,0,,,
0.068549946,0,,,
0.005568581,0,,,
0.011118862,0,,,
0.05632071,0,,,
0.008565151,0,,,
0.00671621,0,,,
0.003894749,0,,,
0.007866049,0,,,
0.004184807,0,,,
0.00476952,0,,,
0.005955163,0,,,
0.010170916,0,,,
0.008126169,0,,,
0.009423409,0,,,
0.011194566,0,,,
0.005438269,0,,,
0.045664635,0,,,
0.007005019,0,,,
0.010834442,0,,,
0.005943303,0,,,
0.005864176,0,,,
0.005415533,0,,,
0.014088708,0,,,
0.005397648,0,,,
0.006266615,0,,,
0.009077987,0,,,
0.01795905,0,,,
0.015072543,0,,,
0.009126323,0,,,
0.018497588,0,,,
0.010581391,0,,,
0.036443602,0,,,
0.012693255,0,,,
0.007869779,0,,,
0.022306938,0,,,
0.009949882,0,,,
0.0248488,0,,,
0.006576843,0,,,
0.007487045,0,,,
0.009297763,0,,,
0.010936177,0,,,
0.015196126,0,,,
0.012566576,0,,,
0.013036672,0,,,
0.006736944,0,,,
0.007127335,0,,,
0.006895656,0,,,
0.00567225,0,,,
0.030452747,0,,,
0.006159045,0,,,
0.01103228,0,,,
0.009110985,0,,,
0.005758349,0,,,
0.007332605,0,,,
0.01799537,0,,,
0.00925174,0,,,
0.006788459,0,,,
0.007722396,0,,,
0.006259391,0,,,
0.009297505,0,,,
0.012654376,0,,,
0.022215607,0,,,
0.010963407,0,,,
0.021300444,0,,,
0.004890638,0,,,
0.009871681,0,,,
0.019203138,0,,,
0.009026957,0,,,
0.004678735,0,,,
0.06941712,0,,,
0.011091014,0,,,
0.022349454,0,,,
0.007301558,0,,,
0.006089156,0,,,
0.005119006,0,,,
0.02513076,0,,,
0.01297206,0,,,
0.025103666,0,,,
0.01242175,0,,,
0.012649921,0,,,
0.018708304,0,,,
0.010460317,0,,,
0.03763633,0,,,
0.006031924,0,,,
0.05327288,0,,,
0.013475804,0,,,
0.011695766,0,,,
0.016416794,0,,,
0.009732739,0,,,
0.014285465,0,,,
0.013138849,0,,,
0.04867251,0,,,
0.0258104,0,,,
0.008030254,0,,,
0.005331115,0,,,
0.01324284,0,,,
0.005931041,0,,,
0.027496882,0,,,
0.00570277,0,,,
0.00583164,0,,,
0.009001489,0,,,
0.005128488,0,,,
0.022232074,0,,,
0.007645074,0,,,
0.00986624,0,,,
0.006298596,0,,,
0.004291392,0,,,
0.008924816,0,,,
0.008848727,0,,,
0.01190071,0,,,
0.010693939,0,,,
0.010326164,0,,,
0.008839702,0,,,
0.004641432,0,,,
0.005255562,0,,,
0.004391932,0,,,
0.007019569,0,,,
0.007024736,0,,,
0.024067236,0,,,
0.012828761,0,,,
0.030796818,0,,,
0.017533379,0,,,
0.00613303,0,,,
0.017460676,0,,,
0.007043907,0,,,
0.014366042,0,,,
0.004574598,0,,,
0.00789993,0,,,
0.006052692,0,,,
0.008871431,0,,,
0.012995733,0,,,
0.01936306,0,,,
0.008813642,0,,,
0.010765406,0,,,
0.29598793,0,,,
0.008861634,0,,,
0.022476118,0,,,
0.01051922,0,,,
0.011643645,0,,,
0.017738434,0,,,
0.007761359,0,,,
0.008294453,0,,,
0.009168315,0,,,
0.04730101,0,,,
0.0140377,0,,,
0.013597305,0,,,
0.008975995,0,,,
0.06796245,0,,,
0.006530157,0,,,
0.015811801,0,,,
0.03593882,0,,,
0.009795718,0,,,
0.010547991,0,,,
0.01434988,0,,,
0.015601778,0,,,
0.005130077,0,,,
0.003956114,0,,,
0.010102096,0,,,
0.009212277,0,,,
0.009604235,0,,,
0.005366309,0,,,
0.011351136,0,,,
0.01163397,0,,,
0.018300591,0,,,
0.030080305,0,,,
0.011132979,0,,,
0.019265767,0,,,
0.01067803,0,,,
0.009157772,0,,,
0.018196246,0,,,
0.021922555,0,,,
0.008397264,0,,,
0.005571554,0,,,
0.004472527,0,,,
0.006720264,0,,,
0.0048048,0,,,
0.040330414,0,,,
0.005503537,0,,,
0.00457906,0,,,
0.008447296,0,,,
0.012912023,0,,,
0.018522862,0,,,
0.019627215,0,,,
0.008567864,0,,,
0.014791695,0,,,
0.007132915,0,,,
0.019375702,0,,,
0.009228342,0,,,
0.009892738,0,,,
0.024325652,0,,,
0.008758109,0,,,
0.011011696,0,,,
0.005574995,0,,,
0.006991791,0,,,
0.012713894,0,,,
0.01936306,0,,,
0.03861297,0,,,
0.010441583,0,,,
0.013949098,0,,,
0.007303089,0,,,
0.004194348,0,,,
0.03535258,0,,,
0.036488134,0,,,
0.008868806,0,,,
0.004911699,0,,,
0.009078618,0,,,
0.008555009,0,,,
0.008462079,0,,,
0.005041633,0,,,
0.011190804,0,,,
0.016635746,0,,,
0.007518593,0,,,
0.006673494,0,,,
0.005082332,0,,,
0.008507988,0,,,
0.016710658,0,,,
0.008033237,0,,,
0.013988399,0,,,
0.006440451,0,,,
0.024498757,0,,,
0.008244059,0,,,
0.014167091,0,,,
0.021750621,0,,,
0.016668214,0,,,
0.016488051,0,,,
0.008430342,0,,,
0.014829037,0,,,
0.024512036,0,,,
0.013991602,0,,,
0.006159098,0,,,
0.03640517,0,,,
0.008821584,0,,,
0.009651667,0,,,
0.005970369,0,,,
0.00380551,0,,,
0.004195659,0,,,
0.006695616,0,,,
0.007787198,0,,,
0.01360058,0,,,
0.009999588,0,,,
0.00597451,0,,,
0.010120413,0,,,
0.007555564,0,,,
0.011398941,0,,,
0.0492154,0,,,
0.011086015,0,,,
0.013869516,0,,,
0.036490068,0,,,
0.007295239,0,,,
0.02498352,0,,,
0.02480331,0,,,
0.030105738,0,,,
0.00547217,0,,,
0.005061048,0,,,
0.004242725,0,,,
0.022195164,0,,,
0.004702662,0,,,
0.005715465,0,,,
0.005401103,0,,,
0.004611507,0,,,
0.007304061,0,,,
0.007159693,0,,,
0.009706157,0,,,
0.008197096,0,,,
0.005421479,0,,,
0.012073567,0,,,
0.009731031,0,,,
0.009430114,0,,,
0.047862213,0,,,
0.013035328,0,,,
0.004020973,0,,,
0.010291993,0,,,
0.004957489,0,,,
0.011280275,0,,,
0.005448704,0,,,
0.012860019,0,,,
0.014339598,0,,,
0.09244972,0,,,
0.006911283,0,,,
0.008294489,0,,,
0.012480146,0,,,
0.008859565,0,,,
0.008303515,0,,,
0.006242241,0,,,
0.004481823,0,,,
0.010162263,0,,,
0.004897401,0,,,
0.008503825,0,,,
0.008870442,0,,,
0.004597402,0,,,
0.011875207,0,,,
0.006728774,0,,,
0.008839481,0,,,
0.008203689,0,,,
0.005478181,0,,,
0.005214394,0,,,
0.011827763,0,,,
0.009179137,0,,,
0.019332498,0,,,
0.015556847,0,,,
0.011237348,0,,,
0.010759497,0,,,
0.007519486,0,,,
0.005583411,0,,,
0.00827993,0,,,
0.019528924,0,,,
0.007186415,0,,,
0.005286477,0,,,
0.013015723,0,,,
0.005297961,0,,,
0.008460202,0,,,
0.00475778,0,,,
0.01070772,0,,,
0.005607281,0,,,
0.043824174,0,,,
0.007806509,0,,,
0.006748738,0,,,
0.015574607,0,,,
0.004007982,0,,,
0.009542358,0,,,
0.008506829,0,,,
0.010161233,0,,,
0.008104966,0,,,
0.007972725,0,,,
0.011618146,0,,,
0.009461596,0,,,
0.032370806,0,,,
0.005132728,0,,,
0.011696692,0,,,
0.008531317,0,,,
0.015202465,0,,,
0.006367109,0,,,
0.00922265,0,,,
0.023219194,0,,,
0.009795571,0,,,
0.006794879,0,,,
0.007561487,0,,,
0.02083623,0,,,
0.03132572,0,,,
0.015186367,0,,,
0.01483995,0,,,
0.015427652,0,,,
0.007915529,0,,,
0.007404212,0,,,
0.017534101,0,,,
0.00850309,0,,,
0.009157418,0,,,
0.006657055,0,,,
0.007291742,0,,,
0.006591945,0,,,
0.015736904,0,,,
0.012277144,0,,,
0.011664291,0,,,
0.006074706,0,,,
0.009654644,0,,,
0.004431808,0,,,
0.005441439,0,,,
0.013782194,0,,,
0.00538433,0,,,
0.010802479,0,,,
0.005167263,0,,,
0.008667435,0,,,
0.012030667,0,,,
0.011179181,0,,,
0.010492031,0,,,
0.007599592,0,,,
0.019165594,0,,,
0.011288404,0,,,
0.006172082,0,,,
0.009890216,0,,,
0.005655622,0,,,
0.011974608,0,,,
0.01892332,0,,,
0.006165529,0,,,
0.016442223,0,,,
0.025766453,0,,,
0.013136933,0,,,
0.010375783,0,,,
0.006015413,0,,,
0.017609123,0,,,
0.010110014,0,,,
0.036688488,0,,,
0.011523788,0,,,
0.007458042,0,,,
0.007717979,0,,,
0.018436158,0,,,
0.014064698,0,,,
0.029678956,0,,,
0.005076782,0,,,
0.005185256,0,,,
0.009215355,0,,,
0.005963799,0,,,
0.008032242,0,,,
0.005892264,0,,,
0.007181545,0,,,
0.006494269,0,,,
0.007872162,0,,,
0.012620301,0,,,
0.010606056,0,,,
0.011608316,0,,,
0.011387308,0,,,
0.015835237,0,,,
0.011738199,0,,,
0.006084875,0,,,
0.05066978,0,,,
0.007063374,0,,,
0.014789041,0,,,
0.01075031,0,,,
0.009127009,0,,,
0.006131554,0,,,
0.00606425,0,,,
0.01320599,0,,,
0.008578199,0,,,
0.027399173,0,,,
0.00577054,0,,,
0.014223702,0,,,
0.006187874,0,,,
0.027494166,0,,,
0.006290922,0,,,
0.005516296,0,,,
0.006207517,0,,,
0.009187928,0,,,
0.005509227,0,,,
0.006864535,0,,,
0.008454808,0,,,
0.009279957,0,,,
0.011454906,0,,,
0.005413866,0,,,
0.009727998,0,,,
0.007158961,0,,,
0.005453864,0,,,
0.006791025,0,,,
0.007616419,0,,,
0.011132811,0,,,
0.008674436,0,,,
0.006671082,0,,,
0.005118715,0,,,
0.004540573,0,,,
0.01155633,0,,,
0.006188654,0,,,
0.008786764,0,,,
0.018084398,0,,,
0.006353084,0,,,
0.008848705,0,,,
0.024605842,0,,,
0.010589946,0,,,
0.018962843,0,,,
0.01146034,0,,,
0.030583026,0,,,
0.008246808,0,,,
0.007742683,0,,,
0.004736331,0,,,
0.006979076,0,,,
0.009512915,0,,,
0.009033242,0,,,
0.008203235,0,,,
0.008448334,0,,,
0.005471285,0,,,
0.015213411,0,,,
0.010040262,0,,,
0.004190358,0,,,
0.029636635,0,,,
0.007144565,0,,,
0.008161639,0,,,
0.012416767,0,,,
0.02224069,0,,,
0.005525063,0,,,
0.007386459,0,,,
0.011925856,0,,,
0.007803253,0,,,
0.005357052,0,,,
0.010300073,0,,,
0.005223183,0,,,
0.004549605,0,,,
0.010143359,0,,,
0.01736868,0,,,
0.015484655,0,,,
0.009748912,0,,,
0.010644861,0,,,
0.011529981,0,,,
0.02545974,0,,,
0.004944203,0,,,
0.018139904,0,,,
0.004937369,0,,,
0.024160462,0,,,
0.00900628,0,,,
0.00688395,0,,,
0.005762978,0,,,
0.035483282,0,,,
0.029640555,0,,,
0.032887127,0,,,
0.06617695,0,,,
0.044131014,0,,,
0.008338348,0,,,
0.04158122,0,,,
0.015466131,0,,,
0.00666495,0,,,
0.00975722,0,,,
0.007965035,0,,,
0.04822101,0,,,
0.005367398,0,,,
0.005100229,0,,,
0.005414843,0,,,
0.012057693,0,,,
0.004377955,0,,,
0.004403222,0,,,
0.034642752,0,,,
0.007504513,0,,,
0.024678597,0,,,
0.03743708,0,,,
0.037635855,0,,,
0.042213347,0,,,
0.009374909,0,,,
0.00905256,0,,,
0.021344282,0,,,
0.007624341,0,,,
0.006446389,0,,,
0.082292035,0,,,
0.008835391,0,,,
0.039869193,0,,,
0.020191927,0,,,
0.009689314,0,,,
0.019821322,0,,,
0.010412628,0,,,
0.023281567,0,,,
0.009962704,0,,,
0.028424587,0,,,
0.009102637,0,,,
0.019658184,0,,,
0.02032657,0,,,
0.034965903,0,,,
0.014691066,0,,,
0.010904189,0,,,
0.008473076,0,,,
0.01795251,0,,,
0.010694343,0,,,
0.006295451,0,,,
0.010226647,0,,,
0.011311728,0,,,
0.009202333,0,,,
0.009742579,0,,,
0.015931923,0,,,
0.010239281,0,,,
0.010123242,0,,,
0.027884986,0,,,
0.016399095,0,,,
0.013141267,0,,,
0.009273344,0,,,
0.032887127,0,,,
0.012694719,0,,,
0.032370806,0,,,
0.006632128,0,,,
0.012675419,0,,,
0.007030109,0,,,
0.005860417,0,,,
0.02566903,0,,,
0.00945644,0,,,
0.017934343,0,,,
0.018977238,0,,,
0.008459182,0,,,
0.005109129,0,,,
0.005015831,0,,,
0.005016016,0,,,
0.008220567,0,,,
0.029026663,0,,,
0.017038735,0,,,
0.01066386,0,,,
0.011265012,0,,,
0.008341598,0,,,
0.009282754,0,,,
0.011518547,0,,,
0.005498704,0,,,
0.012266819,0,,,
0.034168735,0,,,
0.004923408,0,,,
0.00725115,0,,,
0.014392784,0,,,
0.015075078,0,,,
0.007901369,0,,,
0.026605878,0,,,
0.010378422,0,,,
0.005056694,0,,,
0.02189707,0,,,
0.006107969,0,,,
0.044167478,0,,,
0.011863022,0,,,
0.012382548,0,,,
0.007479965,0,,,
0.010816316,0,,,
0.014611812,0,,,
0.009574363,0,,,
0.009707825,0,,,
0.011939568,0,,,
0.009399802,0,,,
0.005764405,0,,,
0.01008522,0,,,
0.007146022,0,,,
0.022703066,0,,,
0.00760157,0,,,
0.006389141,0,,,
0.019283028,0,,,
0.008260231,0,,,
0.007381321,0,,,
0.006739915,0,,,
0.008444549,0,,,
0.010311867,0,,,
0.011443718,0,,,
0.021435339,0,,,
0.007759696,0,,,
0.012532912,0,,,
0.006705978,0,,,
0.013855645,0,,,
0.005982275,0,,,
0.011240797,0,,,
0.0067667,0,,,
0.005824542,0,,,
0.06250634,0,,,
0.014722166,0,,,
0.007884315,0,,,
0.007397161,0,,,
0.007176869,0,,,
0.009518358,0,,,
0.008056747,0,,,
0.004852534,0,,,
0.013125372,0,,,
0.012834076,0,,,
0.006389114,0,,,
0.007758785,0,,,
0.008077511,0,,,
0.010771186,0,,,
0.008138238,0,,,
0.015349492,0,,,
0.00800499,0,,,
0.006319846,0,,,
0.023421254,0,,,
0.006677171,0,,,
0.006132623,0,,,
0.009318601,0,,,
0.010468824,0,,,
0.011855684,0,,,
0.014786283,0,,,
0.00936895,0,,,
0.011069284,0,,,
0.065713264,0,,,
0.0106094,0,,,
0.009050499,0,,,
0.006672344,0,,,
0.008358141,0,,,
0.008721342,0,,,
0.008649835,0,,,
0.027785484,0,,,
0.011712721,0,,,
0.014753934,0,,,
0.006840038,0,,,
0.019152531,0,,,
0.007188267,0,,,
0.010987539,0,,,
0.004594688,0,,,
0.010802137,0,,,
0.021636035,0,,,
0.005664832,0,,,
0.042189304,0,,,
0.005981852,0,,,
0.006174102,0,,,
0.01165646,0,,,
0.009540276,0,,,
0.004658032,0,,,
0.005653444,0,,,
0.008350687,0,,,
0.016990406,0,,,
0.004868027,0,,,
0.009339345,0,,,
0.007421137,0,,,
0.00652245,0,,,
0.036039054,0,,,
0.003956835,0,,,
0.012258578,0,,,
0.00698723,0,,,
0.03366868,0,,,
0.015286774,0,,,
0.01868234,0,,,
0.008406504,0,,,
0.008131444,0,,,
0.010820848,0,,,
0.009131365,0,,,
0.017541412,0,,,
0.005639344,0,,,
0.012348812,0,,,
0.010181785,0,,,
0.012320355,0,,,
0.008861458,0,,,
0.005492743,0,,,
0.006193938,0,,,
0.00919976,0,,,
0.019610083,0,,,
0.011852032,0,,,
0.019486163,0,,,
0.008107696,0,,,
0.008662078,0,,,
0.012480146,0,,,
0.007401526,0,,,
0.009825754,0,,,
0.006867419,0,,,
0.019931253,0,,,
0.006393111,0,,,
0.01186415,0,,,
0.009350222,0,,,
0.007827519,0,,,
0.008099918,0,,,
0.010673532,0,,,
0.006317522,0,,,
0.005372642,0,,,
0.008004093,0,,,
0.03195695,0,,,
0.0073549,0,,,
0.03390866,0,,,
0.01625573,0,,,
0.008747923,0,,,
0.020787532,0,,,
0.005122959,0,,,
0.004256593,0,,,
0.00644638,0,,,
0.010408251,0,,,
0.00484057,0,,,
0.007668356,0,,,
0.007893642,0,,,
0.008323572,0,,,
0.010985813,0,,,
0.015169539,0,,,
0.009595113,0,,,
0.011653428,0,,,
0.008613007,0,,,
0.01706615,0,,,
0.006450379,0,,,
0.005390074,0,,,
0.006074113,0,,,
0.004924356,0,,,
0.006188936,0,,,
0.004414736,0,,,
0.009644905,0,,,
0.016290218,0,,,
0.04193949,0,,,
0.005380703,0,,,
0.008028101,0,,,
0.007016087,0,,,
0.005812207,0,,,
0.014625741,0,,,
0.006684836,0,,,
0.00865282,0,,,
0.022799533,0,,,
0.021199381,0,,,
0.01399553,0,,,
0.02525004,0,,,
0.027854847,0,,,
0.010297157,0,,,
0.022226091,0,,,
0.005118955,0,,,
0.006523439,0,,,
0.010868361,0,,,
0.005462833,0,,,
0.009934533,0,,,
0.007033522,0,,,
0.005339942,0,,,
0.009262087,0,,,
0.01849574,0,,,
0.024223056,0,,,
0.010166793,0,,,
0.013844788,0,,,
0.006742585,0,,,
0.009899942,0,,,
0.010424968,0,,,
0.006619897,0,,,
0.006333103,0,,,
0.004627846,0,,,
0.010912046,0,,,
0.006431621,0,,,
0.005758668,0,,,
0.008729051,0,,,
0.011830077,0,,,
0.004999181,0,,,
0.014571962,0,,,
0.018439172,0,,,
0.018540716,0,,,
0.010901942,0,,,
0.027727718,0,,,
0.017054556,0,,,
0.11853627,0,,,
0.0069646,0,,,
0.023251593,0,,,
0.006627387,0,,,
0.01268307,0,,,
0.005539348,0,,,
0.011194371,0,,,
0.019067727,0,,,
0.019529294,0,,,
0.01190075,0,,,
0.03771082,0,,,
0.032887127,0,,,
0.017744716,0,,,
0.010146069,0,,,
0.006960703,0,,,
0.006727812,0,,,
0.010202918,0,,,
0.040065274,0,,,
0.006072938,0,,,
0.009296244,0,,,
0.008448427,0,,,
0.006753371,0,,,
0.020269476,0,,,
0.00798254,0,,,
0.009611898,0,,,
0.0468114,0,,,
0.011592269,0,,,
0.04688907,0,,,
0.016041161,0,,,
0.011261044,0,,,
0.011028648,0,,,
0.009653362,0,,,
0.010278217,0,,,
0.012729994,0,,,
0.009217205,0,,,
0.018867569,0,,,
0.010414602,0,,,
0.0246388,0,,,
0.018268764,0,,,
0.02524084,0,,,
0.018020766,0,,,
0.006622252,0,,,
0.007982253,0,,,
0.005915285,0,,,
0.006617984,0,,,
0.007091091,0,,,
0.018518195,0,,,
0.00974465,0,,,
0.010759968,0,,,
0.009052886,0,,,
0.030066362,0,,,
0.008279217,0,,,
0.013277534,0,,,
0.011230944,0,,,
0.017141895,0,,,
0.01297852,0,,,
0.022456903,0,,,
0.009229245,0,,,
0.011251995,0,,,
0.010464488,0,,,
0.011757996,0,,,
0.010488899,0,,,
0.005274575,0,,,
0.009353919,0,,,
0.014167091,0,,,
0.006564262,0,,,
0.014870877,0,,,
0.005576997,0,,,
0.00752945,0,,,
0.010962818,0,,,
0.013607338,0,,,
0.010317826,0,,,
0.007634428,0,,,
0.009160378,0,,,
0.011980364,0,,,
0.009995568,0,,,
0.006856549,0,,,
0.011821802,0,,,
0.01035881,0,,,
0.008779636,0,,,
0.014399705,0,,,
0.006302349,0,,,
0.022078654,0,,,
0.007454997,0,,,
0.008506829,0,,,
0.02397098,0,,,
0.01029898,0,,,
0.007432304,0,,,
0.007689296,0,,,
0.007015627,0,,,
0.029026663,0,,,
0.006591149,0,,,
0.23579478,0,,,
0.016137777,0,,,
0.005400035,0,,,
0.00679044,0,,,
0.005621004,0,,,
0.008768741,0,,,
0.010801408,0,,,
0.009801326,0,,,
0.023813816,0,,,
0.007565747,0,,,
0.009930819,0,,,
0.010936766,0,,,
0.023743046,0,,,
0.02146044,0,,,
0.007189178,0,,,
0.00589697,0,,,
0.022919433,0,,,
0.006673054,0,,,
0.00925219,0,,,
0.008271743,0,,,
0.008299985,0,,,
0.030668592,0,,,
0.011155065,0,,,
0.01063615,0,,,
0.011251995,0,,,
0.03247349,0,,,
0.012746496,0,,,
0.008017278,0,,,
0.006016363,0,,,
0.006015003,0,,,
0.005754793,0,,,
0.006348799,0,,,
0.008804066,0,,,
0.006760953,0,,,
0.008743905,0,,,
0.004996063,0,,,
0.011629381,0,,,
0.007268625,0,,,
0.006752641,0,,,
0.008609946,0,,,
0.009111437,0,,,
0.004776061,0,,,
0.012453248,0,,,
0.03237379,0,,,
0.009022262,0,,,
0.008836319,0,,,
0.009628058,0,,,
0.010926319,0,,,
0.007161249,0,,,
0.011230944,0,,,
0.010868289,0,,,
0.004163657,0,,,
0.006138418,0,,,
0.017436177,0,,,
0.015379148,0,,,
0.005419587,0,,,
0.014276612,0,,,
0.67140275,0,,,
0.008416296,0,,,
0.008306657,0,,,
0.012396797,0,,,
0.009408354,0,,,
0.014919477,0,,,
0.013353942,0,,,
0.009201168,0,,,
0.007370889,0,,,
0.00740511,0,,,
0.010120041,0,,,
0.01853328,0,,,
0.009875159,0,,,
0.00981161,0,,,
0.005511425,0,,,
0.012362354,0,,,
0.00776361,0,,,
0.004505244,0,,,
0.011165294,0,,,
0.019577662,0,,,
0.011775967,0,,,
0.012915001,0,,,
0.004230117,0,,,
0.10007054,0,,,
0.017458051,0,,,
0.085321315,0,,,
0.031047605,0,,,
0.011692321,0,,,
0.006432575,0,,,
0.013490799,0,,,
0.04618313,0,,,
0.059959345,0,,,
0.010369703,0,,,
0.016024522,0,,,
0.00926554,0,,,
0.032388553,0,,,
0.019387407,0,,,
0.00465971,0,,,
0.006247739,0,,,
0.00686914,0,,,
0.007046615,0,,,
0.010126024,0,,,
0.010475787,0,,,
0.007881567,0,,,
0.022817988,0,,,
0.008774973,0,,,
0.007067947,0,,,
0.00503521,0,,,
0.016213654,0,,,
0.004455927,0,,,
0.013667914,0,,,
0.00775013,0,,,
0.019749476,0,,,
0.01212021,0,,,
0.009642081,0,,,
0.00770196,0,,,
0.005514235,0,,,
0.005730005,0,,,
0.009857267,0,,,
0.009568343,0,,,
0.010600863,0,,,
0.010850843,0,,,
0.005912672,0,,,
0.005223514,0,,,
0.019059224,0,,,
0.015836492,0,,,
0.009279987,0,,,
0.025106916,0,,,
0.009659765,0,,,
0.03239956,0,,,
0.028705498,0,,,
0.013556244,0,,,
0.009312806,0,,,
0.00904383,0,,,
0.004340682,0,,,
0.003881426,0,,,
0.007373897,0,,,
0.011552861,0,,,
0.012190618,0,,,
0.030668592,0,,,
0.008809785,0,,,
0.021179384,0,,,
0.045210045,0,,,
0.004281848,0,,,
0.021714106,0,,,
0.009829504,0,,,
0.01989732,0,,,
0.004652703,0,,,
0.011012829,0,,,
0.008360616,0,,,
0.010147036,0,,,
0.004798518,0,,,
0.008388272,0,,,
0.019930713,0,,,
0.00769957,0,,,
0.007072459,0,,,
0.003888534,0,,,
0.007881153,0,,,
0.005568993,0,,,
0.007818625,0,,,
0.005600473,0,,,
0.02001656,0,,,
0.06528242,0,,,
0.04415209,0,,,
0.017573334,0,,,
0.014259517,0,,,
0.029756377,0,,,
0.053494107,0,,,
0.004703981,0,,,
0.004329526,0,,,
0.004513742,0,,,
0.010392983,0,,,
0.007489944,0,,,
0.010998265,0,,,
0.008260364,0,,,
0.00505665,0,,,
0.007386187,0,,,
0.010140535,0,,,
0.027043207,0,,,
0.05763903,0,,,
0.0266531,0,,,
0.00876911,0,,,
0.016730428,0,,,
0.024014948,0,,,
0.005319159,0,,,
0.02559349,0,,,
0.011818171,0,,,
0.007857725,0,,,
0.004822238,0,,,
0.005453672,0,,,
0.007306322,0,,,
0.008101095,0,,,
0.005036912,0,,,
0.021592332,0,,,
0.008367237,0,,,
0.005063113,0,,,
0.006356116,0,,,
0.005654903,0,,,
0.005268119,0,,,
0.00856929,0,,,
0.010824155,0,,,
0.006755642,0,,,
0.006855549,0,,,
0.017205132,0,,,
0.014818061,0,,,
0.010807616,0,,,
0.007992541,0,,,
0.011373691,0,,,
0.020441573,0,,,
0.005563442,0,,,
0.020412486,0,,,
0.011351274,0,,,
0.011744213,0,,,
0.023354186,0,,,
0.004764934,0,,,
0.005843436,0,,,
0.006085356,0,,,
0.05570471,0,,,
0.006127315,0,,,
0.008956677,0,,,
0.06762834,0,,,
0.014675331,0,,,
0.01883919,0,,,
0.011590083,0,,,
0.013965464,0,,,
0.008521812,0,,,
0.01853845,0,,,
0.005420461,0,,,
0.006698902,0,,,
0.011499771,0,,,
0.015327052,0,,,
0.009597502,0,,,
0.026022164,0,,,
0.012494287,0,,,
0.008567362,0,,,
0.007415382,0,,,
0.008664117,0,,,
0.047767937,0,,,
0.043040697,0,,,
0.007103595,0,,,
0.012763999,0,,,
0.007203391,0,,,
0.009547913,0,,,
0.012115884,0,,,
0.091856256,0,,,
0.015665958,0,,,
0.019153899,0,,,
0.008418182,0,,,
0.010529539,0,,,
0.09227704,0,,,
0.00453047,0,,,
0.011789404,0,,,
0.01247282,0,,,
0.006454154,0,,,
0.014366042,0,,,
0.006089003,0,,,
0.014545527,0,,,
0.012437342,0,,,
0.009934087,0,,,
0.008554678,0,,,
0.02077194,0,,,
0.00746336,0,,,
0.017493797,0,,,
0.022826213,0,,,
0.024889613,0,,,
0.007964963,0,,,
0.010615863,0,,,
0.011648564,0,,,
0.005114605,0,,,
0.005180582,0,,,
0.00727156,0,,,
0.007718986,0,,,
0.037206966,0,,,
0.07399545,0,,,
0.01285807,0,,,
0.05428148,0,,,
0.057374265,0,,,
0.03244543,0,,,
0.011694459,0,,,
0.015721098,0,,,
0.013589947,0,,,
0.007828415,0,,,
0.013500244,0,,,
0.01705817,0,,,
0.012115294,0,,,
0.005171277,0,,,
0.011676335,0,,,
0.024861109,0,,,
0.007456683,0,,,
0.023083758,0,,,
0.018064747,0,,,
0.007517935,0,,,
0.008933326,0,,,
0.008355383,0,,,
0.011680145,0,,,
0.006295639,0,,,
0.005739815,0,,,
0.004604237,0,,,
0.006693313,0,,,
0.007632958,0,,,
0.00896852,0,,,
0.00753708,0,,,
0.010419105,0,,,
0.004513305,0,,,
0.045413833,0,,,
0.011859406,0,,,
0.006575322,0,,,
0.006349876,0,,,
0.009402165,0,,,
0.005444618,0,,,
0.012932234,0,,,
0.009808863,0,,,
0.017443016,0,,,
0.009613419,0,,,
0.005946061,0,,,
0.006567359,0,,,
0.007822007,0,,,
0.006023022,0,,,
0.015760718,0,,,
0.012181061,0,,,
0.007236908,0,,,
0.00616254,0,,,
0.011051274,0,,,
0.014014863,0,,,
0.012136498,0,,,
0.011071043,0,,,
0.009913721,0,,,
0.004532251,0,,,
0.023057282,0,,,
0.006108872,0,,,
0.012238018,0,,,
0.026188767,0,,,
0.008328946,0,,,
0.007705803,0,,,
0.006115296,0,,,
0.005316004,0,,,
0.013195411,0,,,
0.006792512,0,,,
0.011954862,0,,,
0.018494895,0,,,
0.010190232,0,,,
0.005416406,0,,,
0.032887127,0,,,
0.006914144,0,,,
0.007225126,0,,,
0.008299672,0,,,
0.006652528,0,,,
0.007305578,0,,,
0.013760344,0,,,
0.020020606,0,,,
0.03743551,0,,,
0.007955573,0,,,
0.005229871,0,,,
0.009071173,0,,,
0.009317691,0,,,
0.004566398,0,,,
0.016305873,0,,,
0.00762252,0,,,
0.007975701,0,,,
0.032527346,0,,,
0.009033669,0,,,
0.014820616,0,,,
0.011362828,0,,,
0.027517598,0,,,
0.006774405,0,,,
0.008618122,0,,,
0.008768708,0,,,
0.005686678,0,,,
0.01473397,0,,,
0.01577033,0,,,
0.007974728,0,,,
0.010300073,0,,,
0.049984306,0,,,
0.008958883,0,,,
0.004258973,0,,,
0.012103116,0,,,
0.014187044,0,,,
0.006543743,0,,,
0.013511103,0,,,
0.009442429,0,,,
0.009840458,0,,,
0.007964823,0,,,
0.008961719,0,,,
0.02377187,0,,,
0.010654999,0,,,
0.008476278,0,,,
0.014597716,0,,,
0.010977031,0,,,
0.010364268,0,,,
0.031230807,0,,,
0.007080682,0,,,
0.011541073,0,,,
0.10442021,0,,,
0.0461156,0,,,
0.02102745,0,,,
0.010156682,0,,,
0.035829447,0,,,
0.006261883,0,,,
0.005879814,0,,,
0.00855213,0,,,
0.024299772,0,,,
0.014804347,0,,,
0.00700346,0,,,
0.006796002,0,,,
0.010275937,0,,,
0.012913676,0,,,
0.011893624,0,,,
0.013881639,0,,,
0.011839981,0,,,
0.01993175,0,,,
0.008422609,0,,,
0.004831313,0,,,
0.009468345,0,,,
0.05058809,0,,,
0.009969357,0,,,
0.005936177,0,,,
0.010145207,0,,,
0.009163486,0,,,
0.009577656,0,,,
0.016664876,0,,,
0.015053995,0,,,
0.023940232,0,,,
0.006046923,0,,,
0.006436761,0,,,
0.006719621,0,,,
0.01234569,0,,,
0.009083995,0,,,
0.005100259,0,,,
0.020111764,0,,,
0.004847548,0,,,
0.011097988,0,,,
0.006112407,0,,,
0.018239653,0,,,
0.00972504,0,,,
0.017983995,0,,,
0.009600567,0,,,
0.023711419,0,,,
0.007764048,0,,,
0.009883354,0,,,
0.005936064,0,,,
0.00642206,0,,,
0.005513911,0,,,
0.023323061,0,,,
0.01936306,0,,,
0.025340896,0,,,
0.007786325,0,,,
0.005570363,0,,,
0.005186479,0,,,
0.017781949,0,,,
0.13293326,0,,,
0.028574428,0,,,
0.024886847,0,,,
0.014631184,0,,,
0.015188607,0,,,
0.2278415,0,,,
0.013383037,0,,,
0.018078271,0,,,
0.007148338,0,,,
0.013583805,0,,,
0.00970999,0,,,
0.004881705,0,,,
0.005111746,0,,,
0.004863747,0,,,
0.005736713,0,,,
0.009747788,0,,,
0.004656779,0,,,
0.005118341,0,,,
0.00516381,0,,,
0.004439844,0,,,
0.004685043,0,,,
0.022624096,0,,,
0.007244802,0,,,
0.011399639,0,,,
0.004204242,0,,,
0.006078502,0,,,
0.015378635,0,,,
0.015795395,0,,,
0.008453306,0,,,
0.005801553,0,,,
0.011403611,0,,,
0.032527346,0,,,
0.014107863,0,,,
0.009139803,0,,,
0.008037251,0,,,
0.003720178,0,,,
0.013753273,0,,,
0.013291149,0,,,
0.012567068,0,,,
0.007417008,0,,,
0.005577528,0,,,
0.030777618,0,,,
0.028463751,0,,,
0.009052877,0,,,
0.006119425,0,,,
0.006621233,0,,,
0.006559568,0,,,
0.007303127,0,,,
0.011475318,0,,,
0.02867472,0,,,
0.007424966,0,,,
0.005384803,0,,,
0.017675865,0,,,
0.007382446,0,,,
0.007681085,0,,,
0.008199853,0,,,
0.012552106,0,,,
0.006827692,0,,,
0.011500438,0,,,
0.007878842,0,,,
0.01066792,0,,,
0.013094685,0,,,
0.00700116,0,,,
0.006469304,0,,,
0.006177549,0,,,
0.01312725,0,,,
0.011173373,0,,,
0.009653558,0,,,
0.006969373,0,,,
0.005264124,0,,,
0.016636455,0,,,
0.006353496,0,,,
0.006084041,0,,,
0.006188953,0,,,
0.008350687,0,,,
0.02438288,0,,,
0.006000982,0,,,
0.049328007,0,,,
0.013955237,0,,,
0.015278795,0,,,
0.005808579,0,,,
0.007427129,0,,,
0.010553869,0,,,
0.006971783,0,,,
0.012230527,0,,,
0.011230944,0,,,
0.014744939,0,,,
0.00825613,0,,,
0.009154026,0,,,
0.00527008,0,,,
0.005137088,0,,,
0.007710905,0,,,
0.009266438,0,,,
0.006742997,0,,,
0.010897419,0,,,
0.007367981,0,,,
0.010853336,0,,,
0.004693676,0,,,
0.015371273,0,,,
0.005734291,0,,,
0.009855163,0,,,
0.015806347,0,,,
0.006118871,0,,,
0.006994662,0,,,
0.012802554,0,,,
0.005100447,0,,,
0.007360744,0,,,
0.004772606,0,,,
0.005837196,0,,,
0.004365187,0,,,
0.013728935,0,,,
0.005913479,0,,,
0.012686977,0,,,
0.017480444,0,,,
0.006489361,0,,,
0.019450717,0,,,
0.019733116,0,,,
0.016114853,0,,,
0.0467359,0,,,
0.006734743,0,,,
0.020275798,0,,,
0.02229606,0,,,
0.009766715,0,,,
0.010391712,0,,,
0.014157723,0,,,
0.023860082,0,,,
0.0409793,0,,,
0.007177344,0,,,
0.005006568,0,,,
0.008261336,0,,,
0.014075005,0,,,
0.008209965,0,,,
0.003658847,0,,,
0.007797828,0,,,
0.008279573,0,,,
0.005336681,0,,,
0.0102657,0,,,
0.012280081,0,,,
0.016833704,0,,,
0.005549185,0,,,
0.03589751,0,,,
0.019810487,0,,,
0.010077468,0,,,
0.026263708,0,,,
0.009764935,0,,,
0.38169903,0,,,
0.008255416,0,,,
0.011268167,0,,,
0.004970011,0,,,
0.017260725,0,,,
0.007184429,0,,,
0.005738555,0,,,
0.008298958,0,,,
0.007733116,0,,,
0.005072504,0,,,
0.008519234,0,,,
0.005636347,0,,,
0.013596142,0,,,
0.006120632,0,,,
0.016576394,0,,,
0.00544216,0,,,
0.01350081,0,,,
0.0091594,0,,,
0.006727949,0,,,
0.005587296,0,,,
0.010655205,0,,,
0.006209753,0,,,
0.012442469,0,,,
0.008219899,0,,,
0.004116631,0,,,
0.008681808,0,,,
0.008876803,0,,,
0.00701157,0,,,
0.04305828,0,,,
0.006247911,0,,,
0.011240459,0,,,
0.010338174,0,,,
0.006000063,0,,,
0.011942168,0,,,
0.010761877,0,,,
0.054819997,0,,,
0.006419076,0,,,
0.004974295,0,,,
0.014363956,0,,,
0.011248479,0,,,
0.008282013,0,,,
0.012583539,0,,,
0.006599555,0,,,
0.007303891,0,,,
0.013508904,0,,,
0.004698616,0,,,
0.012749881,0,,,
0.011132518,0,,,
0.018399179,0,,,
0.022101486,0,,,
0.007757827,0,,,
0.005845952,0,,,
0.005038571,0,,,
0.019364584,0,,,
0.007548223,0,,,
0.018376492,0,,,
0.037327565,0,,,
0.007011417,0,,,
0.004261906,0,,,
0.009116733,0,,,
0.0221219,0,,,
0.042139366,0,,,
0.013303116,0,,,
0.008664068,0,,,
0.006585849,0,,,
0.011437479,0,,,
0.030239223,0,,,
0.025554674,0,,,
0.005157859,0,,,
0.006060256,0,,,
0.007285417,0,,,
0.014087595,0,,,
0.02189707,0,,,
0.003830745,0,,,
0.011018013,0,,,
0.007462395,0,,,
0.009516065,0,,,
0.005459435,0,,,
0.005395434,0,,,
0.009403178,0,,,
0.01346685,0,,,
0.006406128,0,,,
0.00415803,0,,,
0.013240204,0,,,
0.005498453,0,,,
0.019354405,0,,,
0.016791211,0,,,
0.01669277,0,,,
0.01258534,0,,,
0.014152739,0,,,
0.00901003,0,,,
0.006106649,0,,,
0.006178445,0,,,
0.026718846,0,,,
0.007306187,0,,,
0.011714255,0,,,
0.01007871,0,,,
0.026621714,0,,,
0.004972908,0,,,
0.010034571,0,,,
0.006454949,0,,,
0.00578618,0,,,
0.004284207,0,,,
0.006385564,0,,,
0.019364584,0,,,
0.013511103,0,,,
0.033640113,0,,,
0.006267767,0,,,
0.009094276,0,,,
0.009460866,0,,,
0.00907252,0,,,
0.00698908,0,,,
0.015705086,0,,,
0.010020077,0,,,
0.006779193,0,,,
0.051213257,0,,,
0.008011751,0,,,
0.01105117,0,,,
0.023385294,0,,,
0.007436136,0,,,
0.012626173,0,,,
0.018646277,0,,,
0.011124525,0,,,
0.015705086,0,,,
0.008590118,0,,,
0.006374893,0,,,
0.031509485,0,,,
0.007621931,0,,,
0.013611748,0,,,
0.013397765,0,,,
0.017783538,0,,,
0.011895732,0,,,
0.006082899,0,,,
0.007375238,0,,,
0.004235314,0,,,
0.008055718,0,,,
0.017064119,0,,,
0.010990487,0,,,
0.008338274,0,,,
0.014720623,0,,,
0.012017045,0,,,
0.026959479,0,,,
0.00555474,0,,,
0.008923947,0,,,
0.0306231,0,,,
0.007066521,0,,,
0.011121719,0,,,
0.009909472,0,,,
0.005228681,0,,,
0.013223357,0,,,
0.005899662,0,,,
0.019821266,0,,,
0.051823508,0,,,
0.009864568,0,,,
0.008400966,0,,,
0.009155584,0,,,
0.008546245,0,,,
0.011339144,0,,,
0.005415505,0,,,
0.007558339,0,,,
0.012851286,0,,,
0.01360058,0,,,
0.010218479,0,,,
0.034273494,0,,,
0.00451685,0,,,
0.01785285,0,,,
0.004749268,0,,,
0.014289199,0,,,
0.005368572,0,,,
0.008285429,0,,,
0.004456331,0,,,
0.016854536,0,,,
0.006821454,0,,,
0.007996153,0,,,
0.008731873,0,,,
0.030009191,0,,,
0.011464229,0,,,
0.004720622,0,,,
0.023672977,0,,,
0.0144968,0,,,
0.01387818,0,,,
0.006364976,0,,,
0.013508534,0,,,
0.007508185,0,,,
0.004636333,0,,,
0.008399877,0,,,
0.01074148,0,,,
0.01266368,0,,,
0.004336959,0,,,
0.011438709,0,,,
0.059956927,0,,,
0.009430596,0,,,
0.005035346,0,,,
0.00992781,0,,,
0.007585155,0,,,
0.018715378,0,,,
0.006933712,0,,,
0.005689958,0,,,
0.009079042,0,,,
0.044786748,0,,,
0.013156489,0,,,
0.013802282,0,,,
0.007307484,0,,,
0.010612743,0,,,
0.012436727,0,,,
0.007961027,0,,,
0.004659186,0,,,
0.004031953,0,,,
0.011783383,0,,,
0.014253753,0,,,
0.005072937,0,,,
0.006929336,0,,,
0.005794653,0,,,
0.008440701,0,,,
0.010809329,0,,,
0.032228444,0,,,
0.014443345,0,,,
0.01696005,0,,,
0.005046089,0,,,
0.011099259,0,,,
0.00841367,0,,,
0.006045382,0,,,
0.032451585,0,,,
0.006920256,0,,,
0.005036823,0,,,
0.017460342,0,,,
0.028654434,0,,,
0.040904462,0,,,
0.008715429,0,,,
0.014007215,0,,,
0.023169475,0,,,
0.010467001,0,,,
0.038895383,0,,,
0.032062136,0,,,
0.006638921,0,,,
0.011568243,0,,,
0.005830078,0,,,
0.029912675,0,,,
0.013237015,0,,,
0.049777485,0,,,
0.012485702,0,,,
0.07089517,0,,,
0.004860341,0,,,
0.008046501,0,,,
0.016496351,0,,,
0.016874047,0,,,
0.014875811,0,,,
0.006746427,0,,,
0.014366042,0,,,
0.005344878,0,,,
0.015884537,0,,,
0.012123521,0,,,
0.01451416,0,,,
0.006380287,0,,,
0.005926958,0,,,
0.019838747,0,,,
0.018938288,0,,,
0.016406748,0,,,
0.008182591,0,,,
0.009601804,0,,,
0.004806494,0,,,
0.022871051,0,,,
0.018196791,0,,,
0.011364537,0,,,
0.02438685,0,,,
0.018753242,0,,,
0.009647574,0,,,
0.015210061,0,,,
0.008126076,0,,,
0.01112993,0,,,
0.009483698,0,,,
0.013419956,0,,,
0.006979069,0,,,
0.009492441,0,,,
0.010946849,0,,,
0.012749498,0,,,
0.005902501,0,,,
0.007309179,0,,,
0.009320605,0,,,
0.009533655,0,,,
0.006381339,0,,,
0.009399598,0,,,
0.008406846,0,,,
0.010021544,0,,,
0.008793988,0,,,
0.004439873,0,,,
0.005472928,0,,,
0.02623405,0,,,
0.007679671,0,,,
0.005891434,0,,,
0.005968742,0,,,
0.004944168,0,,,
0.006632782,0,,,
0.010813633,0,,,
0.005704555,0,,,
0.007977233,0,,,
0.007972706,0,,,
0.010123204,0,,,
0.008883934,0,,,
0.016497502,0,,,
0.009153218,0,,,
0.005773419,0,,,
0.007465832,0,,,
0.004434569,0,,,
0.005943593,0,,,
0.006450889,0,,,
0.009241274,0,,,
0.009390031,0,,,
0.010286068,0,,,
0.008939188,0,,,
0.007412326,0,,,
0.007734971,0,,,
0.014087522,0,,,
0.00756171,0,,,
0.012713164,0,,,
0.012885406,0,,,
0.006196918,0,,,
0.013272763,0,,,
0.02057213,0,,,
0.023979917,0,,,
0.010503929,0,,,
0.011047357,0,,,
0.006088357,0,,,
0.006667349,0,,,
0.008277761,0,,,
0.004719679,0,,,
0.00985254,0,,,
0.005265875,0,,,
0.026132394,0,,,
0.020292506,0,,,
0.005175466,0,,,
0.010969692,0,,,
0.009156751,0,,,
0.020825284,0,,,
0.012742165,0,,,
0.0194644,0,,,
0.007766502,0,,,
0.009657685,0,,,
0.007467384,0,,,
0.039509673,0,,,
0.007114641,0,,,
0.008951105,0,,,
0.00502699,0,,,
0.02034881,0,,,
0.007519953,0,,,
0.020786958,0,,,
0.006550827,0,,,
0.016601333,0,,,
0.005763918,0,,,
0.006479789,0,,,
0.035483282,0,,,
0.014504602,0,,,
0.009363199,0,,,
0.008397014,0,,,
0.005361152,0,,,
0.007406768,0,,,
0.004574618,0,,,
0.020476688,0,,,
0.035711378,0,,,
0.006631346,0,,,
0.02201807,0,,,
0.027398678,0,,,
0.020331252,0,,,
0.06536972,0,,,
0.013154817,0,,,
0.006984958,0,,,
0.008440892,0,,,
0.005863687,0,,,
0.004904044,0,,,
0.013255052,0,,,
0.016687786,0,,,
0.011300513,0,,,
0.006055039,0,,,
0.019457834,0,,,
0.014847647,0,,,
0.009449171,0,,,
0.006237732,0,,,
0.011445731,0,,,
0.005344105,0,,,
0.009158872,0,,,
0.020163499,0,,,
0.07245903,0,,,
0.005808791,0,,,
0.039189942,0,,,
0.006377893,0,,,
0.008153757,0,,,
0.005682609,0,,,
0.015572745,0,,,
0.012919658,0,,,
0.006125843,0,,,
0.089856416,0,,,
0.004745502,0,,,
0.019306272,0,,,
0.011142879,0,,,
0.007544253,0,,,
0.00787173,0,,,
0.00841766,0,,,
0.010581206,0,,,
0.005367991,0,,,
0.008526527,0,,,
0.005820691,0,,,
0.012033094,0,,,
0.005910388,0,,,
0.006072398,0,,,
0.006890685,0,,,
0.019073894,0,,,
0.004599713,0,,,
0.009069219,0,,,
0.007696037,0,,,
0.072185844,0,,,
0.019498913,0,,,
0.005603722,0,,,
0.008021542,0,,,
0.01047545,0,,,
0.007128644,0,,,
0.014422819,0,,,
0.007270634,0,,,
0.005752354,0,,,
0.00459442,0,,,
0.008274982,0,,,
0.009192265,0,,,
0.009345333,0,,,
0.015375871,0,,,
0.007774553,0,,,
0.011685088,0,,,
0.017215295,0,,,
0.005649366,0,,,
0.008395985,0,,,
0.008042811,0,,,
0.007104581,0,,,
0.030772366,0,,,
0.004851283,0,,,
0.006281616,0,,,
0.007192481,0,,,
0.005645554,0,,,
0.021684209,0,,,
0.005043844,0,,,
0.022996442,0,,,
0.016923614,0,,,
0.005523101,0,,,
0.035981156,0,,,
0.014772181,0,,,
0.014563816,0,,,
0.013745765,0,,,
0.007185082,0,,,
0.004310746,0,,,
0.005533464,0,,,
0.005302084,0,,,
0.009248773,0,,,
0.009311641,0,,,
0.019329077,0,,,
0.07469292,0,,,
0.015611234,0,,,
0.004503693,0,,,
